"csv_column","source_variable","data_type","section","json_path","option_value","option_label"
"codigo_unico","codigo_unico","text","metadata","codigo_unico","",""
"submitted_at","submitted_at","text","metadata","submitted_at","",""
"formulario_version","formulario_version","text","metadata","formulario_version","",""
"review_status","review_status","text","metadata","review_status","",""
"nombre","nombre","text","A-D","payload.nombre","",""
"cargo","cargo","text","A-D","payload.cargo","",""
"organizacion","organizacion","text","A-D","payload.organizacion","",""
"country","country","text","A-D","payload.country","",""
"contact_after","contact_after","text","A-D","payload.contact_after","",""
"dengue_2025","dengue_2025","text","A-D","payload.dengue_2025","",""
"filariasis_activa_2025","filariasis_activa_2025","text","A-D","payload.filariasis_activa_2025","",""
"filariasis_escenario_2025","filariasis_escenario_2025","text","A-D","payload.filariasis_escenario_2025","",""
"malaria_2025","malaria_2025","text","A-D","payload.malaria_2025","",""
"plan_tipo","plan_tipo","text","A-D","payload.plan_tipo","",""
"plan_estado","plan_estado","text","A-D","payload.plan_estado","",""
"plan_caracteristicas_tipo","plan_caracteristicas_tipo","text","A-D","payload.plan_caracteristicas_tipo","",""
"plan_aedes_estado","plan_aedes_estado","text","A-D","payload.plan_aedes_estado","",""
"plan_anopheles_estado","plan_anopheles_estado","text","A-D","payload.plan_anopheles_estado","",""
"plan_integrado_estado","plan_integrado_estado","text","A-D","payload.plan_integrado_estado","",""
"plan_aedes_nombre","plan_aedes_nombre","text","A-D","payload.plan_aedes_nombre","",""
"plan_aedes_anio","plan_aedes_anio","text","A-D","payload.plan_aedes_anio","",""
"plan_aedes_documento","plan_aedes_documento","text","A-D","payload.plan_aedes_documento","",""
"plan_anopheles_nombre","plan_anopheles_nombre","text","A-D","payload.plan_anopheles_nombre","",""
"plan_anopheles_anio","plan_anopheles_anio","text","A-D","payload.plan_anopheles_anio","",""
"plan_anopheles_documento","plan_anopheles_documento","text","A-D","payload.plan_anopheles_documento","",""
"plan_integrado_nombre","plan_integrado_nombre","text","A-D","payload.plan_integrado_nombre","",""
"plan_integrado_anio","plan_integrado_anio","text","A-D","payload.plan_integrado_anio","",""
"plan_integrado_documento","plan_integrado_documento","text","A-D","payload.plan_integrado_documento","",""
"reglamentos_nacionales","reglamentos_nacionales","text","A-D","payload.reglamentos_nacionales","",""
"reglamentos_documento","reglamentos_documento","text","A-D","payload.reglamentos_documento","",""
"prioridad_planes","prioridad_planes","text","A-D","payload.prioridad_planes","",""
"asistencia_planes","asistencia_planes","text","A-D","payload.asistencia_planes","",""
"c3a_1_normas_vigilancia_aedes","sat26_normas_vigilancia_aedes","text","A-D","payload.normas_vigilancia_aedes","",""
"c3a_2_normas_control_aedes","sat26_normas_control_aedes","text","A-D","payload.normas_control_aedes","",""
"c3a_3_normas_vigilancia_anopheles","sat26_normas_vigilancia_anopheles","text","A-D","payload.normas_vigilancia_anopheles","",""
"c3a_4_normas_control_anopheles","sat26_normas_control_anopheles","text","A-D","payload.normas_control_anopheles","",""
"c4a_1_plan_elemento_control_aedes","sat26_plan_elemento_control_aedes","text","A-D","payload.plan_elemento_control_aedes","",""
"c4a_2_plan_elemento_vigilancia_aedes","sat26_plan_elemento_vigilancia_aedes","text","A-D","payload.plan_elemento_vigilancia_aedes","",""
"c4a_3_plan_elemento_control_anopheles","sat26_plan_elemento_control_anopheles","text","A-D","payload.plan_elemento_control_anopheles","",""
"c4a_4_plan_elemento_vigilancia_anopheles","sat26_plan_elemento_vigilancia_anopheles","text","A-D","payload.plan_elemento_vigilancia_anopheles","",""
"c4a_5_plan_elemento_equipos_insecticidas","sat26_plan_elemento_equipos_insecticidas","text","A-D","payload.plan_elemento_equipos_insecticidas","",""
"c4a_6_plan_elemento_resistencia","sat26_plan_elemento_resistencia","text","A-D","payload.plan_elemento_resistencia","",""
"c4a_7_plan_elemento_recursos_humanos","sat26_plan_elemento_recursos_humanos","text","A-D","payload.plan_elemento_recursos_humanos","",""
"c4a_8_plan_elemento_formacion","sat26_plan_elemento_formacion","text","A-D","payload.plan_elemento_formacion","",""
"c4a_9_plan_elemento_participacion","sat26_plan_elemento_participacion","text","A-D","payload.plan_elemento_participacion","",""
"c4a_10_plan_elemento_sistemas_info","sat26_plan_elemento_sistemas_info","text","A-D","payload.plan_elemento_sistemas_info","",""
"c4a_11_plan_elemento_investigacion","sat26_plan_elemento_investigacion","text","A-D","payload.plan_elemento_investigacion","",""
"c4a_12_plan_elemento_vulnerables","sat26_plan_elemento_vulnerables","text","A-D","payload.plan_elemento_vulnerables","",""
"c4a_13_plan_elemento_monitoreo","sat26_plan_elemento_monitoreo","text","A-D","payload.plan_elemento_monitoreo","",""
"descentralizacion","descentralizacion","text","A-D","payload.descentralizacion","",""
"legislacion_24_48","legislacion_24_48","text","A-D","payload.legislacion_24_48","",""
"grupo_interministerial","grupo_interministerial","text","A-D","payload.grupo_interministerial","",""
"grupo_interministerial_reunion","grupo_interministerial_reunion","text","A-D","payload.grupo_interministerial_reunion","",""
"prioridad_agenda","prioridad_agenda","text","A-D","payload.prioridad_agenda","",""
"factores_prioridad_otros","factores_prioridad_otros","text","A-D","payload.factores_prioridad_otros","",""
"frecuencia_interministerial","frecuencia_interministerial","text","A-D","payload.frecuencia_interministerial","",""
"motivadores_institucion_otros","motivadores_institucion_otros","text","A-D","payload.motivadores_institucion_otros","",""
"presupuesto_vigilancia","presupuesto_vigilancia","text","A-D","payload.presupuesto_vigilancia","",""
"presupuesto_control","presupuesto_control","text","A-D","payload.presupuesto_control","",""
"fin_vigilancia_presupuesto","fin_vigilancia_presupuesto","text","A-D","payload.fin_vigilancia_presupuesto","",""
"fin_vigilancia_gestion","fin_vigilancia_gestion","text","A-D","payload.fin_vigilancia_gestion","",""
"fin_control_presupuesto","fin_control_presupuesto","text","A-D","payload.fin_control_presupuesto","",""
"fin_control_gestion","fin_control_gestion","text","A-D","payload.fin_control_gestion","",""
"arbovirus_2025_sel_zika","arbovirus_2025","binary_1_0","multi","payload.arbovirus_2025","zika","Zika"
"arbovirus_2025_sel_chikungunya","arbovirus_2025","binary_1_0","multi","payload.arbovirus_2025","chikungunya","Chikungunya"
"arbovirus_2025_sel_ninguno","arbovirus_2025","binary_1_0","multi","payload.arbovirus_2025","ninguno","Ninguno"
"arbovirus_2025_sel_desconozco","arbovirus_2025","binary_1_0","multi","payload.arbovirus_2025","desconozco","Desconozco"
"plan_aedes_caracteristicas_sel_nombre","plan_aedes_caracteristicas","binary_1_0","multi","payload.plan_aedes_caracteristicas","nombre","Nombre"
"plan_aedes_caracteristicas_sel_anio_actualizacion","plan_aedes_caracteristicas","binary_1_0","multi","payload.plan_aedes_caracteristicas","anio_actualizacion","Último año de actualización"
"plan_aedes_caracteristicas_sel_documento","plan_aedes_caracteristicas","binary_1_0","multi","payload.plan_aedes_caracteristicas","documento","Documento del plan"
"plan_aedes_caracteristicas_sel_desconozco","plan_aedes_caracteristicas","binary_1_0","multi","payload.plan_aedes_caracteristicas","desconozco","Desconozco"
"plan_anopheles_caracteristicas_sel_nombre","plan_anopheles_caracteristicas","binary_1_0","multi","payload.plan_anopheles_caracteristicas","nombre","Nombre"
"plan_anopheles_caracteristicas_sel_anio_actualizacion","plan_anopheles_caracteristicas","binary_1_0","multi","payload.plan_anopheles_caracteristicas","anio_actualizacion","Último año de actualización"
"plan_anopheles_caracteristicas_sel_documento","plan_anopheles_caracteristicas","binary_1_0","multi","payload.plan_anopheles_caracteristicas","documento","Documento del plan"
"plan_anopheles_caracteristicas_sel_desconozco","plan_anopheles_caracteristicas","binary_1_0","multi","payload.plan_anopheles_caracteristicas","desconozco","Desconozco"
"plan_integrado_caracteristicas_sel_nombre","plan_integrado_caracteristicas","binary_1_0","multi","payload.plan_integrado_caracteristicas","nombre","Nombre"
"plan_integrado_caracteristicas_sel_anio_actualizacion","plan_integrado_caracteristicas","binary_1_0","multi","payload.plan_integrado_caracteristicas","anio_actualizacion","Último año de actualización"
"plan_integrado_caracteristicas_sel_documento","plan_integrado_caracteristicas","binary_1_0","multi","payload.plan_integrado_caracteristicas","documento","Documento del plan"
"plan_integrado_caracteristicas_sel_desconozco","plan_integrado_caracteristicas","binary_1_0","multi","payload.plan_integrado_caracteristicas","desconozco","Desconozco"
"factores_prioridad_sel_casos","factores_prioridad","binary_1_0","multi","payload.factores_prioridad","casos","Casos reportados / carga de enfermedad"
"factores_prioridad_sel_autoridades","factores_prioridad","binary_1_0","multi","payload.factores_prioridad","autoridades","Opinión o presión de autoridades superiores"
"factores_prioridad_sel_cooperacion","factores_prioridad","binary_1_0","multi","payload.factores_prioridad","cooperacion","Requisitos de cooperación internacional"
"factores_prioridad_sel_costos","factores_prioridad","binary_1_0","multi","payload.factores_prioridad","costos","Costos operativos de la vigilancia y control"
"factores_prioridad_sel_comunidad","factores_prioridad","binary_1_0","multi","payload.factores_prioridad","comunidad","Interés de la comunidad"
"factores_prioridad_sel_experiencias","factores_prioridad","binary_1_0","multi","payload.factores_prioridad","experiencias","Experiencias pasadas"
"factores_prioridad_sel_otros","factores_prioridad","binary_1_0","multi","payload.factores_prioridad","otros","Otros"
"factores_prioridad_sel_desconozco","factores_prioridad","binary_1_0","multi","payload.factores_prioridad","desconozco","Desconozco"
"motivadores_institucion_sel_recursos","motivadores_institucion","binary_1_0","multi","payload.motivadores_institucion","recursos","Disponibilidad de recursos sostenibles"
"motivadores_institucion_sel_apoyo_politico","motivadores_institucion","binary_1_0","multi","payload.motivadores_institucion","apoyo_politico","Presión o apoyo político de alto nivel"
"motivadores_institucion_sel_exitos","motivadores_institucion","binary_1_0","multi","payload.motivadores_institucion","exitos","Éxitos visibles en territorio"
"motivadores_institucion_sel_indicadores","motivadores_institucion","binary_1_0","multi","payload.motivadores_institucion","indicadores","Mejora de los indicadores de salud"
"motivadores_institucion_sel_participacion","motivadores_institucion","binary_1_0","multi","payload.motivadores_institucion","participacion","Mayor participación comunitaria"
"motivadores_institucion_sel_alianzas","motivadores_institucion","binary_1_0","multi","payload.motivadores_institucion","alianzas","Alianzas con cooperación o sector privado"
"motivadores_institucion_sel_no_sabria","motivadores_institucion","binary_1_0","multi","payload.motivadores_institucion","no_sabria","No sabría decir qué puede motivar a mi institución"
"motivadores_institucion_sel_otras","motivadores_institucion","binary_1_0","multi","payload.motivadores_institucion","otras","Otras"
"motivadores_institucion_sel_desconozco","motivadores_institucion","binary_1_0","multi","payload.motivadores_institucion","desconozco","Desconozco"
"rrhh_capacitacion_sistemas_sel_puesto_trabajo","rrhh_capacitacion_sistemas","binary_1_0","multi","payload.rrhh_capacitacion_sistemas","puesto_trabajo","Capacitación en el puesto de trabajo"
"rrhh_capacitacion_sistemas_sel_cursos_nacionales","rrhh_capacitacion_sistemas","binary_1_0","multi","payload.rrhh_capacitacion_sistemas","cursos_nacionales","Cursos nacionales"
"rrhh_capacitacion_sistemas_sel_cursos_reg_int","rrhh_capacitacion_sistemas","binary_1_0","multi","payload.rrhh_capacitacion_sistemas","cursos_regionales_internacionales","Cursos regionales/internacionales"
"rrhh_capacitacion_sistemas_sel_posgrado","rrhh_capacitacion_sistemas","binary_1_0","multi","payload.rrhh_capacitacion_sistemas","posgrado","Formación de posgrado"
"rrhh_capacitacion_sistemas_sel_formadores","rrhh_capacitacion_sistemas","binary_1_0","multi","payload.rrhh_capacitacion_sistemas","formadores","Programa de formación de formadores"
"rrhh_capacitacion_sistemas_sel_sur_sur","rrhh_capacitacion_sistemas","binary_1_0","multi","payload.rrhh_capacitacion_sistemas","sur_sur","Capacitación brindada por países vecinos (cooperación Sur-Sur)"
"rrhh_capacitacion_sistemas_sel_otro","rrhh_capacitacion_sistemas","binary_1_0","multi","payload.rrhh_capacitacion_sistemas","otro","Otro"
"rrhh_capacitacion_sistemas_sel_desconozco","rrhh_capacitacion_sistemas","binary_1_0","multi","payload.rrhh_capacitacion_sistemas","desconozco","Desconozco"
"control_aedes_actividades_sel_criaderos","control_aedes_actividades","binary_1_0","multi","payload.control_aedes_actividades","Reducción de criaderos (ej. limpieza comunitaria)","Reducción de criaderos (ej. limpieza comunitaria)"
"control_aedes_actividades_sel_larvicidas","control_aedes_actividades","binary_1_0","multi","payload.control_aedes_actividades","Larvicidas (ej. temephos, IGRs, Bti)","Larvicidas (ej. temephos, IGRs, Bti)"
"control_aedes_actividades_sel_irs_aedes","control_aedes_actividades","binary_1_0","multi","payload.control_aedes_actividades","Rociado residual dirigido en interiores - <em>Aedes</em> (IRS-<em>Aedes</em>)","Rociado residual dirigido en interiores - Aedes (IRS-Aedes)"
"control_aedes_actividades_sel_ors_aedes","control_aedes_actividades","binary_1_0","multi","payload.control_aedes_actividades","Rociado residual en exteriores - <em>Aedes</em> (ORS-<em>Aedes</em>)","Rociado residual en exteriores - Aedes (ORS-Aedes)"
"control_aedes_actividades_sel_nebulizacion_interiores","control_aedes_actividades","binary_1_0","multi","payload.control_aedes_actividades","Nebulización en interiores (insecticida no residual)","Nebulización en interiores (insecticida no residual)"
"control_aedes_actividades_sel_nebulizacion_exteriores","control_aedes_actividades","binary_1_0","multi","payload.control_aedes_actividades","Nebulización en exteriores (insecticida no residual)","Nebulización en exteriores (insecticida no residual)"
"control_aedes_actividades_sel_wolbachia","control_aedes_actividades","binary_1_0","multi","payload.control_aedes_actividades","<em>Wolbachia</em>","Wolbachia"
"control_aedes_actividades_sel_mosquiteros_febriles","control_aedes_actividades","binary_1_0","multi","payload.control_aedes_actividades","Distribución de mosquiteros a pacientes febriles","Distribución de mosquiteros a pacientes febriles"
"control_aedes_actividades_sel_repelentes_febriles","control_aedes_actividades","binary_1_0","multi","payload.control_aedes_actividades","Distribución de repelentes a pacientes febriles","Distribución de repelentes a pacientes febriles"
"control_aedes_actividades_sel_desconozco","control_aedes_actividades","binary_1_0","multi","payload.control_aedes_actividades","desconozco","Desconozco"
"control_aedes_otras_sel_casas_prueba","control_aedes_otras","binary_1_0","multi","payload.control_aedes_otras","casas_prueba","Casas a prueba de mosquitos"
"control_aedes_otras_sel_control_biologico","control_aedes_otras","binary_1_0","multi","payload.control_aedes_otras","control_biologico","Control biológico larval (peces o copépodos)"
"control_aedes_otras_sel_redes_hamacas","control_aedes_otras","binary_1_0","multi","payload.control_aedes_otras","redes_hamacas","Redes para hamacas"
"control_aedes_otras_sel_insecto_esteril","control_aedes_otras","binary_1_0","multi","payload.control_aedes_otras","insecto_esteril","Técnica de insecto estéril"
"control_aedes_otras_sel_otro","control_aedes_otras","binary_1_0","multi","payload.control_aedes_otras","otro","Otro"
"control_aedes_otras_sel_desconozco","control_aedes_otras","binary_1_0","multi","payload.control_aedes_otras","desconozco","Desconozco"
"control_anopheles_actividades_sel_itns","control_anopheles_actividades","binary_1_0","multi","payload.control_anopheles_actividades","Mosquiteros tratados con insecticida (ITNs)","Mosquiteros tratados con insecticida (ITNs)"
"control_anopheles_actividades_sel_llins","control_anopheles_actividades","binary_1_0","multi","payload.control_anopheles_actividades","Mosquiteros con insecticida de larga duración (LLINs)","Mosquiteros con insecticida de larga duración (LLINs)"
"control_anopheles_actividades_sel_irs","control_anopheles_actividades","binary_1_0","multi","payload.control_anopheles_actividades","Rociado residual en interiores (IRS)","Rociado residual en interiores (IRS)"
"control_anopheles_actividades_sel_larvicidas","control_anopheles_actividades","binary_1_0","multi","payload.control_anopheles_actividades","Aplicación de larvicidas (ej. temephos, IGRs, Bti)","Aplicación de larvicidas (ej. temephos, IGRs, Bti)"
"control_anopheles_actividades_sel_criaderos","control_anopheles_actividades","binary_1_0","multi","payload.control_anopheles_actividades","Reducción de criaderos (modificación física, limpiezas comunitarias, etc.)","Reducción de criaderos (modificación física, limpiezas comunitarias, etc.)"
"control_anopheles_actividades_sel_desconozco","control_anopheles_actividades","binary_1_0","multi","payload.control_anopheles_actividades","desconozco","Desconozco"
"control_anopheles_otras_sel_rociado_exteriores","control_anopheles_otras","binary_1_0","multi","payload.control_anopheles_otras","rociado_exteriores","Rociado en exteriores"
"control_anopheles_otras_sel_casas_prueba","control_anopheles_otras","binary_1_0","multi","payload.control_anopheles_otras","casas_prueba","Casas a prueba de mosquitos"
"control_anopheles_otras_sel_rociado_barrera","control_anopheles_otras","binary_1_0","multi","payload.control_anopheles_otras","rociado_barrera","Rociado de barrera"
"control_anopheles_otras_sel_control_biologico","control_anopheles_otras","binary_1_0","multi","payload.control_anopheles_otras","control_biologico","Control biológico larval (peces o copépodos)"
"control_anopheles_otras_sel_redes_hamacas","control_anopheles_otras","binary_1_0","multi","payload.control_anopheles_otras","redes_hamacas","Redes para hamacas"
"control_anopheles_otras_sel_otro","control_anopheles_otras","binary_1_0","multi","payload.control_anopheles_otras","otro","Otro"
"control_anopheles_otras_sel_desconozco","control_anopheles_otras","binary_1_0","multi","payload.control_anopheles_otras","desconozco","Desconozco"
"f5b_1_control_irs_metodos_sel_mortalidad_adultos","control_irs_metodos","binary_1_0","multi","payload.control_irs_metodos","mortalidad_adultos","Tasa de mortalidad de mosquitos adultos"
"f5b_1_control_irs_metodos_sel_densidad","control_irs_metodos","binary_1_0","multi","payload.control_irs_metodos","densidad","Densidad de mosquitos"
"f5b_1_control_irs_metodos_sel_indice_inmaduros","control_irs_metodos","binary_1_0","multi","payload.control_irs_metodos","indice_inmaduros","Índice de mosquitos inmaduros"
"f5b_1_control_irs_metodos_sel_contacto_superficie","control_irs_metodos","binary_1_0","multi","payload.control_irs_metodos","contacto_superficie","Pruebas de contacto en superficie"
"f5b_1_control_irs_metodos_sel_pared_rociada","control_irs_metodos","binary_1_0","multi","payload.control_irs_metodos","pared_rociada","Análisis de la alteración de la pared rociada"
"f5b_1_control_irs_metodos_sel_otro","control_irs_metodos","binary_1_0","multi","payload.control_irs_metodos","otro","Otro"
"f5b_1_control_irs_metodos_sel_desconozco","control_irs_metodos","binary_1_0","multi","payload.control_irs_metodos","desconozco","Desconozco"
"f5b_2_control_larvicidas_metodos_sel_habitats_tratados","control_larvicidas_metodos","binary_1_0","multi","payload.control_larvicidas_metodos","habitats_tratados","Evaluación de hábitats tratados con insecticida"
"f5b_2_control_larvicidas_metodos_sel_inspecciones","control_larvicidas_metodos","binary_1_0","multi","payload.control_larvicidas_metodos","inspecciones","Inspecciones aleatorias de hábitats larvarios tratados"
"f5b_2_control_larvicidas_metodos_sel_densidad_adultos","control_larvicidas_metodos","binary_1_0","multi","payload.control_larvicidas_metodos","densidad_adultos","Densidad de mosquitos adultos"
"f5b_2_control_larvicidas_metodos_sel_otro","control_larvicidas_metodos","binary_1_0","multi","payload.control_larvicidas_metodos","otro","Otro"
"f5b_2_control_larvicidas_metodos_sel_desconozco","control_larvicidas_metodos","binary_1_0","multi","payload.control_larvicidas_metodos","desconozco","Desconozco"
"f5b_3_control_irs_aedes_metodos_sel_bioensayos_pared","control_irs_aedes_metodos","binary_1_0","multi","payload.control_irs_aedes_metodos","bioensayos_pared","Bioensayos de pared"
"f5b_3_control_irs_aedes_metodos_sel_otro","control_irs_aedes_metodos","binary_1_0","multi","payload.control_irs_aedes_metodos","otro","Otro"
"f5b_3_control_irs_aedes_metodos_sel_desconozco","control_irs_aedes_metodos","binary_1_0","multi","payload.control_irs_aedes_metodos","desconozco","Desconozco"
"f5b_4_control_nebulizacion_metodos_sel_protocolos","control_nebulizacion_metodos","binary_1_0","multi","payload.control_nebulizacion_metodos","protocolos","Evaluación de protocolos de nebulización"
"f5b_4_control_nebulizacion_metodos_sel_residuos","control_nebulizacion_metodos","binary_1_0","multi","payload.control_nebulizacion_metodos","residuos","Evaluación de residuos"
"f5b_4_control_nebulizacion_metodos_sel_adultos","control_nebulizacion_metodos","binary_1_0","multi","payload.control_nebulizacion_metodos","adultos","Número de mosquitos adultos"
"f5b_4_control_nebulizacion_metodos_sel_otro","control_nebulizacion_metodos","binary_1_0","multi","payload.control_nebulizacion_metodos","otro","Otro"
"f5b_4_control_nebulizacion_metodos_sel_desconozco","control_nebulizacion_metodos","binary_1_0","multi","payload.control_nebulizacion_metodos","desconozco","Desconozco"
"vigilancia_aedes_trampas_sel_hlc_red","vigilancia_aedes_trampas","binary_1_0","multi","payload.vigilancia_aedes_trampas","Recolección con cebo humano (HLC o red de barrido)","Recolección con cebo humano (HLC o red de barrido)"
"vigilancia_aedes_trampas_sel_luz_cdc","vigilancia_aedes_trampas","binary_1_0","multi","payload.vigilancia_aedes_trampas","Trampa de luz CDC","Trampa de luz CDC"
"vigilancia_aedes_trampas_sel_bg_sentinel","vigilancia_aedes_trampas","binary_1_0","multi","payload.vigilancia_aedes_trampas","Trampa BG Sentinel","Trampa BG Sentinel"
"vigilancia_aedes_trampas_sel_bg_pro","vigilancia_aedes_trampas","binary_1_0","multi","payload.vigilancia_aedes_trampas","BG Pro","BG Pro"
"vigilancia_aedes_trampas_sel_ventilador","vigilancia_aedes_trampas","binary_1_0","multi","payload.vigilancia_aedes_trampas","Otras trampas con ventilador","Otras trampas con ventilador"
"vigilancia_aedes_trampas_sel_gravidas","vigilancia_aedes_trampas","binary_1_0","multi","payload.vigilancia_aedes_trampas","Trampas grávidas","Trampas grávidas"
"vigilancia_aedes_trampas_sel_aspiracion_interiores","vigilancia_aedes_trampas","binary_1_0","multi","payload.vigilancia_aedes_trampas","Aspiración en interiores (aspiración manual, Prokopac)","Aspiración en interiores (aspiración manual, Prokopac)"
"vigilancia_aedes_trampas_sel_aspiracion_exteriores","vigilancia_aedes_trampas","binary_1_0","multi","payload.vigilancia_aedes_trampas","Aspiración en exteriores por aspiración","Aspiración en exteriores por aspiración"
"vigilancia_aedes_trampas_sel_descanso_exterior","vigilancia_aedes_trampas","binary_1_0","multi","payload.vigilancia_aedes_trampas","Otro método de descanso exterior (trampa de pozo, barrera de tela)","Otro método de descanso exterior (trampa de pozo, barrera de tela)"
"vigilancia_aedes_trampas_sel_cebo_humano","vigilancia_aedes_trampas","binary_1_0","multi","payload.vigilancia_aedes_trampas","Trampa con cebo humano","Trampa con cebo humano"
"vigilancia_aedes_trampas_sel_cebo_animal","vigilancia_aedes_trampas","binary_1_0","multi","payload.vigilancia_aedes_trampas","Trampa con cebo animal","Trampa con cebo animal"
"vigilancia_aedes_trampas_sel_otro","vigilancia_aedes_trampas","binary_1_0","multi","payload.vigilancia_aedes_trampas","Otro","Otro"
"vigilancia_aedes_trampas_sel_desconozco","vigilancia_aedes_trampas","binary_1_0","multi","payload.vigilancia_aedes_trampas","Desconozco","Desconozco"
"vigilancia_anopheles_trampas_sel_aterrizaje_humano","vigilancia_anopheles_trampas","binary_1_0","multi","payload.vigilancia_anopheles_trampas","Captura por aterrizaje humano","Captura por aterrizaje humano"
"vigilancia_anopheles_trampas_sel_cebo_humano","vigilancia_anopheles_trampas","binary_1_0","multi","payload.vigilancia_anopheles_trampas","Trampa con cebo humano","Trampa con cebo humano"
"vigilancia_anopheles_trampas_sel_cebo_animal","vigilancia_anopheles_trampas","binary_1_0","multi","payload.vigilancia_anopheles_trampas","Trampa con cebo animal","Trampa con cebo animal"
"vigilancia_anopheles_trampas_sel_ventilador_cdc","vigilancia_anopheles_trampas","binary_1_0","multi","payload.vigilancia_anopheles_trampas","Trampa de ventilador CDC","Trampa de ventilador CDC"
"vigilancia_anopheles_trampas_sel_bg_sentinel","vigilancia_anopheles_trampas","binary_1_0","multi","payload.vigilancia_anopheles_trampas","Trampa BG Sentinel","Trampa BG Sentinel"
"vigilancia_anopheles_trampas_sel_gravidas","vigilancia_anopheles_trampas","binary_1_0","multi","payload.vigilancia_anopheles_trampas","Trampas grávidas","Trampas grávidas"
"vigilancia_anopheles_trampas_sel_aspiracion_interiores","vigilancia_anopheles_trampas","binary_1_0","multi","payload.vigilancia_anopheles_trampas","Aspiración en interiores (aspiración manual, Prokopac)","Aspiración en interiores (aspiración manual, Prokopac)"
"vigilancia_anopheles_trampas_sel_aspiracion_exteriores","vigilancia_anopheles_trampas","binary_1_0","multi","payload.vigilancia_anopheles_trampas","Aspiración en exteriores por aspiración","Aspiración en exteriores por aspiración"
"vigilancia_anopheles_trampas_sel_descanso_exterior","vigilancia_anopheles_trampas","binary_1_0","multi","payload.vigilancia_anopheles_trampas","Otro método de descanso exterior (trampa de pozo, barrera de tela)","Otro método de descanso exterior (trampa de pozo, barrera de tela)"
"vigilancia_anopheles_trampas_sel_salida_ventana","vigilancia_anopheles_trampas","binary_1_0","multi","payload.vigilancia_anopheles_trampas","Trampa de salida por ventana","Trampa de salida por ventana"
"vigilancia_anopheles_trampas_sel_caja_pasiva","vigilancia_anopheles_trampas","binary_1_0","multi","payload.vigilancia_anopheles_trampas","Trampas de caja pasiva","Trampas de caja pasiva"
"vigilancia_anopheles_trampas_sel_otro","vigilancia_anopheles_trampas","binary_1_0","multi","payload.vigilancia_anopheles_trampas","Otro","Otro"
"vigilancia_anopheles_trampas_sel_desconozco","vigilancia_anopheles_trampas","binary_1_0","multi","payload.vigilancia_anopheles_trampas","Desconozco","Desconozco"
"vigilancia_decisiones_sel_estratificar","vigilancia_decisiones","binary_1_0","multi","payload.vigilancia_decisiones","Cómo estratificar el control vectorial","Cómo estratificar el control vectorial"
"vigilancia_decisiones_sel_estrategias","vigilancia_decisiones","binary_1_0","multi","payload.vigilancia_decisiones","Dónde implementar diferentes estrategias de control","Dónde implementar diferentes estrategias de control"
"vigilancia_decisiones_sel_larvicidas","vigilancia_decisiones","binary_1_0","multi","payload.vigilancia_decisiones","Selección de larvicidas","Selección de larvicidas"
"vigilancia_decisiones_sel_insecticidas_irs_aedes","vigilancia_decisiones","binary_1_0","multi","payload.vigilancia_decisiones","Selección de insecticidas para IRS-<em>Aedes</em>","Selección de insecticidas para IRS-Aedes"
"vigilancia_decisiones_sel_hogares","vigilancia_decisiones","binary_1_0","multi","payload.vigilancia_decisiones","Dónde aplicar insecticidas en hogares y alrededores","Dónde aplicar insecticidas en hogares y alrededores"
"vigilancia_decisiones_sel_recipientes","vigilancia_decisiones","binary_1_0","multi","payload.vigilancia_decisiones","Recipientes larvarios clave para reducción de criaderos","Recipientes larvarios clave para reducción de criaderos"
"vigilancia_decisiones_sel_control_larval_anopheles","vigilancia_decisiones","binary_1_0","multi","payload.vigilancia_decisiones","Dónde implementar control larval (<em>Anopheles</em>)","Dónde implementar control larval (Anopheles)"
"vigilancia_decisiones_sel_llin_itn","vigilancia_decisiones","binary_1_0","multi","payload.vigilancia_decisiones","Elección de LLIN/ITN a comprar","Elección de LLIN/ITN a comprar"
"vigilancia_decisiones_sel_habitats_anopheles","vigilancia_decisiones","binary_1_0","multi","payload.vigilancia_decisiones","Hábitats larvarios clave para manejo de criaderos (<em>Anopheles</em>)","Hábitats larvarios clave para manejo de criaderos (Anopheles)"
"vigilancia_decisiones_sel_sitios_vigilancia","vigilancia_decisiones","binary_1_0","multi","payload.vigilancia_decisiones","Dónde establecer sitios de vigilancia vectorial","Dónde establecer sitios de vigilancia vectorial"
"vigilancia_decisiones_sel_mensajes","vigilancia_decisiones","binary_1_0","multi","payload.vigilancia_decisiones","Cómo optimizar mensajes de participación comunitaria","Cómo optimizar mensajes de participación comunitaria"
"vigilancia_decisiones_sel_otro","vigilancia_decisiones","binary_1_0","multi","payload.vigilancia_decisiones","Otro","Otro"
"vigilancia_decisiones_sel_desconozco","vigilancia_decisiones","binary_1_0","multi","payload.vigilancia_decisiones","Desconozco","Desconozco"
"infra_laboratorio_capacidades_sel_pcr","infra_laboratorio_capacidades","binary_1_0","multi","payload.infra_laboratorio_capacidades","pcr","PCR"
"infra_laboratorio_capacidades_sel_elisa","infra_laboratorio_capacidades","binary_1_0","multi","payload.infra_laboratorio_capacidades","elisa","ELISA"
"infra_laboratorio_capacidades_sel_ento_campo","infra_laboratorio_capacidades","binary_1_0","multi","payload.infra_laboratorio_capacidades","ento_campo","Laboratorio entomológico de campo"
"infra_laboratorio_capacidades_sel_semi_campo","infra_laboratorio_capacidades","binary_1_0","multi","payload.infra_laboratorio_capacidades","semi_campo","Semi-campo"
"infra_laboratorio_capacidades_sel_otro","infra_laboratorio_capacidades","binary_1_0","multi","payload.infra_laboratorio_capacidades","otro","Otro"
"infra_laboratorio_capacidades_sel_desconozco","infra_laboratorio_capacidades","binary_1_0","multi","payload.infra_laboratorio_capacidades","desconozco","Desconozco"
"info_vigilancia_herramientas_sel_recoleccion","info_vigilancia_herramientas","binary_1_0","multi","payload.info_vigilancia_herramientas","recoleccion","Recolección de datos"
"info_vigilancia_herramientas_sel_almacenamiento","info_vigilancia_herramientas","binary_1_0","multi","payload.info_vigilancia_herramientas","almacenamiento","Almacenamiento de datos"
"info_vigilancia_herramientas_sel_presentacion","info_vigilancia_herramientas","binary_1_0","multi","payload.info_vigilancia_herramientas","presentacion","Presentación de datos"
"info_vigilancia_herramientas_sel_desconozco","info_vigilancia_herramientas","binary_1_0","multi","payload.info_vigilancia_herramientas","desconozco","Desconozco"
"info_control_herramientas_sel_recoleccion","info_control_herramientas","binary_1_0","multi","payload.info_control_herramientas","recoleccion","Recolección de datos"
"info_control_herramientas_sel_almacenamiento","info_control_herramientas","binary_1_0","multi","payload.info_control_herramientas","almacenamiento","Almacenamiento de datos"
"info_control_herramientas_sel_presentacion","info_control_herramientas","binary_1_0","multi","payload.info_control_herramientas","presentacion","Presentación de datos"
"info_control_herramientas_sel_desconozco","info_control_herramientas","binary_1_0","multi","payload.info_control_herramientas","desconozco","Desconozco"
"info_vigilancia_recoleccion_sel_papel","info_vigilancia_recoleccion","binary_1_0","multi","payload.info_vigilancia_recoleccion","papel","Formularios en papel"
"info_vigilancia_recoleccion_sel_smartphone_tablet","info_vigilancia_recoleccion","binary_1_0","multi","payload.info_vigilancia_recoleccion","smartphone_tablet","Smartphone o tablet"
"info_vigilancia_recoleccion_sel_fotografias","info_vigilancia_recoleccion","binary_1_0","multi","payload.info_vigilancia_recoleccion","fotografias","Fotografías"
"info_vigilancia_recoleccion_sel_codigos_barras","info_vigilancia_recoleccion","binary_1_0","multi","payload.info_vigilancia_recoleccion","codigos_barras","Escáneres de código de barras"
"info_vigilancia_recoleccion_sel_gps","info_vigilancia_recoleccion","binary_1_0","multi","payload.info_vigilancia_recoleccion","gps","GPS"
"info_vigilancia_recoleccion_sel_planificacion_electronica","info_vigilancia_recoleccion","binary_1_0","multi","payload.info_vigilancia_recoleccion","planificacion_electronica","Planificación para captura electrónica"
"info_vigilancia_recoleccion_sel_otro","info_vigilancia_recoleccion","binary_1_0","multi","payload.info_vigilancia_recoleccion","otro","Otro"
"info_vigilancia_recoleccion_sel_desconozco","info_vigilancia_recoleccion","binary_1_0","multi","payload.info_vigilancia_recoleccion","desconozco","Desconozco"
"info_vigilancia_almacenamiento_sel_papel","info_vigilancia_almacenamiento","binary_1_0","multi","payload.info_vigilancia_almacenamiento","papel","Papel"
"info_vigilancia_almacenamiento_sel_excel","info_vigilancia_almacenamiento","binary_1_0","multi","payload.info_vigilancia_almacenamiento","excel","Excel"
"info_vigilancia_almacenamiento_sel_dhis2","info_vigilancia_almacenamiento","binary_1_0","multi","payload.info_vigilancia_almacenamiento","dhis2","DHIS2"
"info_vigilancia_almacenamiento_sel_otra_bd_linea","info_vigilancia_almacenamiento","binary_1_0","multi","payload.info_vigilancia_almacenamiento","otra_bd_linea","Otra base de datos en línea"
"info_vigilancia_almacenamiento_sel_access","info_vigilancia_almacenamiento","binary_1_0","multi","payload.info_vigilancia_almacenamiento","access","Access"
"info_vigilancia_almacenamiento_sel_desarrollando_linea","info_vigilancia_almacenamiento","binary_1_0","multi","payload.info_vigilancia_almacenamiento","desarrollando_linea","Desarrollando almacenamiento en línea"
"info_vigilancia_almacenamiento_sel_otro","info_vigilancia_almacenamiento","binary_1_0","multi","payload.info_vigilancia_almacenamiento","otro","Otro"
"info_vigilancia_almacenamiento_sel_desconozco","info_vigilancia_almacenamiento","binary_1_0","multi","payload.info_vigilancia_almacenamiento","desconozco","Desconozco"
"info_vigilancia_reporte_sel_excel_manual","info_vigilancia_reporte","binary_1_0","multi","payload.info_vigilancia_reporte","excel_manual","Manualmente en Excel"
"info_vigilancia_reporte_sel_paneles_linea","info_vigilancia_reporte","binary_1_0","multi","payload.info_vigilancia_reporte","paneles_linea","Paneles en línea"
"info_vigilancia_reporte_sel_mapas_electronicos","info_vigilancia_reporte","binary_1_0","multi","payload.info_vigilancia_reporte","mapas_electronicos","Mapas electrónicos"
"info_vigilancia_reporte_sel_informes_automaticos","info_vigilancia_reporte","binary_1_0","multi","payload.info_vigilancia_reporte","informes_automaticos","Informes generados automáticamente"
"info_vigilancia_reporte_sel_otro","info_vigilancia_reporte","binary_1_0","multi","payload.info_vigilancia_reporte","otro","Otro"
"info_vigilancia_reporte_sel_desconozco","info_vigilancia_reporte","binary_1_0","multi","payload.info_vigilancia_reporte","desconozco","Desconozco"
"info_control_recoleccion_sel_papel","info_control_recoleccion","binary_1_0","multi","payload.info_control_recoleccion","papel","Formularios en papel"
"info_control_recoleccion_sel_smartphone_tablet","info_control_recoleccion","binary_1_0","multi","payload.info_control_recoleccion","smartphone_tablet","Smartphone o tablet"
"info_control_recoleccion_sel_fotografias","info_control_recoleccion","binary_1_0","multi","payload.info_control_recoleccion","fotografias","Fotografías"
"info_control_recoleccion_sel_codigos_barras","info_control_recoleccion","binary_1_0","multi","payload.info_control_recoleccion","codigos_barras","Escáneres de código de barras"
"info_control_recoleccion_sel_gps","info_control_recoleccion","binary_1_0","multi","payload.info_control_recoleccion","gps","GPS"
"info_control_recoleccion_sel_planificacion_electronica","info_control_recoleccion","binary_1_0","multi","payload.info_control_recoleccion","planificacion_electronica","Planificación para captura electrónica"
"info_control_recoleccion_sel_otro","info_control_recoleccion","binary_1_0","multi","payload.info_control_recoleccion","otro","Otro"
"info_control_recoleccion_sel_desconozco","info_control_recoleccion","binary_1_0","multi","payload.info_control_recoleccion","desconozco","Desconozco"
"info_control_almacenamiento_sel_papel","info_control_almacenamiento","binary_1_0","multi","payload.info_control_almacenamiento","papel","Papel"
"info_control_almacenamiento_sel_excel","info_control_almacenamiento","binary_1_0","multi","payload.info_control_almacenamiento","excel","Excel"
"info_control_almacenamiento_sel_dhis2","info_control_almacenamiento","binary_1_0","multi","payload.info_control_almacenamiento","dhis2","DHIS2"
"info_control_almacenamiento_sel_otra_bd_linea","info_control_almacenamiento","binary_1_0","multi","payload.info_control_almacenamiento","otra_bd_linea","Otra base de datos en línea"
"info_control_almacenamiento_sel_access","info_control_almacenamiento","binary_1_0","multi","payload.info_control_almacenamiento","access","Access"
"info_control_almacenamiento_sel_desarrollando_linea","info_control_almacenamiento","binary_1_0","multi","payload.info_control_almacenamiento","desarrollando_linea","Desarrollando almacenamiento en línea"
"info_control_almacenamiento_sel_otro","info_control_almacenamiento","binary_1_0","multi","payload.info_control_almacenamiento","otro","Otro"
"info_control_almacenamiento_sel_desconozco","info_control_almacenamiento","binary_1_0","multi","payload.info_control_almacenamiento","desconozco","Desconozco"
"info_control_reporte_sel_excel_manual","info_control_reporte","binary_1_0","multi","payload.info_control_reporte","excel_manual","Manualmente en Excel"
"info_control_reporte_sel_paneles_linea","info_control_reporte","binary_1_0","multi","payload.info_control_reporte","paneles_linea","Paneles en línea"
"info_control_reporte_sel_mapas_electronicos","info_control_reporte","binary_1_0","multi","payload.info_control_reporte","mapas_electronicos","Mapas electrónicos"
"info_control_reporte_sel_informes_automaticos","info_control_reporte","binary_1_0","multi","payload.info_control_reporte","informes_automaticos","Informes generados automáticamente"
"info_control_reporte_sel_otro","info_control_reporte","binary_1_0","multi","payload.info_control_reporte","otro","Otro"
"info_control_reporte_sel_desconozco","info_control_reporte","binary_1_0","multi","payload.info_control_reporte","desconozco","Desconozco"
"comunidad_actividades_sel_vigilancia_vectorial","comunidad_actividades","binary_1_0","multi","payload.comunidad_actividades","vigilancia_vectorial","Vigilancia vectorial"
"comunidad_actividades_sel_control_vectorial","comunidad_actividades","binary_1_0","multi","payload.comunidad_actividades","control_vectorial","Control vectorial"
"comunidad_actividades_sel_comunicacion_riesgos_educacion","comunidad_actividades","binary_1_0","multi","payload.comunidad_actividades","comunicacion_riesgos_educacion","Comunicación de riesgos / educación"
"comunidad_actividades_sel_reporte_enfermedades_brotes","comunidad_actividades","binary_1_0","multi","payload.comunidad_actividades","reporte_enfermedades_brotes","Reporte de enfermedades o brotes"
"comunidad_actividades_sel_investigacion","comunidad_actividades","binary_1_0","multi","payload.comunidad_actividades","investigacion","Investigación"
"comunidad_actividades_sel_otro","comunidad_actividades","binary_1_0","multi","payload.comunidad_actividades","otro","Otro"
"comunidad_actividades_sel_desconozco","comunidad_actividades","binary_1_0","multi","payload.comunidad_actividades","desconozco","Desconozco"
"comunidad_momento_sel_despues_brote","comunidad_momento","binary_1_0","multi","payload.comunidad_momento","despues_brote","Después de la declaración de un brote"
"comunidad_momento_sel_regularmente_anio","comunidad_momento","binary_1_0","multi","payload.comunidad_momento","regularmente_anio","Regularmente durante el año"
"comunidad_momento_sel_antes_lluvias","comunidad_momento","binary_1_0","multi","payload.comunidad_momento","antes_lluvias","Antes de la temporada de lluvias"
"comunidad_momento_sel_otro","comunidad_momento","binary_1_0","multi","payload.comunidad_momento","otro","Otro"
"comunidad_momento_sel_desconozco","comunidad_momento","binary_1_0","multi","payload.comunidad_momento","desconozco","Desconozco"
"sat26_rrhh_plan","sat26_rrhh_plan","text","rrhh","payload.rrhh.sat26_rrhh_plan","",""
"sat26_rrhh_organigrama","sat26_rrhh_organigrama","text","rrhh","payload.rrhh.sat26_rrhh_organigrama","",""
"sat26_rrhh_nacional_conoce_supervisor","sat26_rrhh_nacional_conoce_supervisor","text","rrhh","payload.rrhh.sat26_rrhh_nacional_conoce_supervisor","",""
"sat26_rrhh_nacional_conoce_director","sat26_rrhh_nacional_conoce_director","text","rrhh","payload.rrhh.sat26_rrhh_nacional_conoce_director","",""
"sat26_rrhh_nacional_conoce_coordinador","sat26_rrhh_nacional_conoce_coordinador","text","rrhh","payload.rrhh.sat26_rrhh_nacional_conoce_coordinador","",""
"sat26_rrhh_nacional_conoce_ambiental","sat26_rrhh_nacional_conoce_ambiental","text","rrhh","payload.rrhh.sat26_rrhh_nacional_conoce_ambiental","",""
"sat26_rrhh_nacional_conoce_tecnico_campo","sat26_rrhh_nacional_conoce_tecnico_campo","text","rrhh","payload.rrhh.sat26_rrhh_nacional_conoce_tecnico_campo","",""
"sat26_rrhh_nacional_conoce_tecnico_laboratorio","sat26_rrhh_nacional_conoce_tecnico_laboratorio","text","rrhh","payload.rrhh.sat26_rrhh_nacional_conoce_tecnico_laboratorio","",""
"sat26_rrhh_nacional_conoce_comunitaria","sat26_rrhh_nacional_conoce_comunitaria","text","rrhh","payload.rrhh.sat26_rrhh_nacional_conoce_comunitaria","",""
"sat26_rrhh_nacional_conoce_datos","sat26_rrhh_nacional_conoce_datos","text","rrhh","payload.rrhh.sat26_rrhh_nacional_conoce_datos","",""
"sat26_rrhh_nacional_cantidad_supervisor","sat26_rrhh_nacional_cantidad_supervisor","text","rrhh","payload.rrhh.sat26_rrhh_nacional_cantidad_supervisor","",""
"sat26_rrhh_nacional_cantidad_director","sat26_rrhh_nacional_cantidad_director","text","rrhh","payload.rrhh.sat26_rrhh_nacional_cantidad_director","",""
"sat26_rrhh_nacional_cantidad_coordinador","sat26_rrhh_nacional_cantidad_coordinador","text","rrhh","payload.rrhh.sat26_rrhh_nacional_cantidad_coordinador","",""
"sat26_rrhh_nacional_cantidad_ambiental","sat26_rrhh_nacional_cantidad_ambiental","text","rrhh","payload.rrhh.sat26_rrhh_nacional_cantidad_ambiental","",""
"sat26_rrhh_nacional_cantidad_tecnico_campo","sat26_rrhh_nacional_cantidad_tecnico_campo","text","rrhh","payload.rrhh.sat26_rrhh_nacional_cantidad_tecnico_campo","",""
"sat26_rrhh_nacional_cantidad_tecnico_laboratorio","sat26_rrhh_nacional_cantidad_tecnico_laboratorio","text","rrhh","payload.rrhh.sat26_rrhh_nacional_cantidad_tecnico_laboratorio","",""
"sat26_rrhh_nacional_cantidad_comunitaria","sat26_rrhh_nacional_cantidad_comunitaria","text","rrhh","payload.rrhh.sat26_rrhh_nacional_cantidad_comunitaria","",""
"sat26_rrhh_nacional_cantidad_datos","sat26_rrhh_nacional_cantidad_datos","text","rrhh","payload.rrhh.sat26_rrhh_nacional_cantidad_datos","",""
"sat26_rrhh_subnacional_conoce_supervisor","sat26_rrhh_subnacional_conoce_supervisor","text","rrhh","payload.rrhh.sat26_rrhh_subnacional_conoce_supervisor","",""
"sat26_rrhh_subnacional_conoce_director","sat26_rrhh_subnacional_conoce_director","text","rrhh","payload.rrhh.sat26_rrhh_subnacional_conoce_director","",""
"sat26_rrhh_subnacional_conoce_coordinador","sat26_rrhh_subnacional_conoce_coordinador","text","rrhh","payload.rrhh.sat26_rrhh_subnacional_conoce_coordinador","",""
"sat26_rrhh_subnacional_conoce_ambiental","sat26_rrhh_subnacional_conoce_ambiental","text","rrhh","payload.rrhh.sat26_rrhh_subnacional_conoce_ambiental","",""
"sat26_rrhh_subnacional_conoce_tecnico_campo","sat26_rrhh_subnacional_conoce_tecnico_campo","text","rrhh","payload.rrhh.sat26_rrhh_subnacional_conoce_tecnico_campo","",""
"sat26_rrhh_subnacional_conoce_tecnico_laboratorio","sat26_rrhh_subnacional_conoce_tecnico_laboratorio","text","rrhh","payload.rrhh.sat26_rrhh_subnacional_conoce_tecnico_laboratorio","",""
"sat26_rrhh_subnacional_conoce_comunitaria","sat26_rrhh_subnacional_conoce_comunitaria","text","rrhh","payload.rrhh.sat26_rrhh_subnacional_conoce_comunitaria","",""
"sat26_rrhh_subnacional_conoce_datos","sat26_rrhh_subnacional_conoce_datos","text","rrhh","payload.rrhh.sat26_rrhh_subnacional_conoce_datos","",""
"sat26_rrhh_subnacional_cantidad_supervisor","sat26_rrhh_subnacional_cantidad_supervisor","text","rrhh","payload.rrhh.sat26_rrhh_subnacional_cantidad_supervisor","",""
"sat26_rrhh_subnacional_cantidad_director","sat26_rrhh_subnacional_cantidad_director","text","rrhh","payload.rrhh.sat26_rrhh_subnacional_cantidad_director","",""
"sat26_rrhh_subnacional_cantidad_coordinador","sat26_rrhh_subnacional_cantidad_coordinador","text","rrhh","payload.rrhh.sat26_rrhh_subnacional_cantidad_coordinador","",""
"sat26_rrhh_subnacional_cantidad_ambiental","sat26_rrhh_subnacional_cantidad_ambiental","text","rrhh","payload.rrhh.sat26_rrhh_subnacional_cantidad_ambiental","",""
"sat26_rrhh_subnacional_cantidad_tecnico_campo","sat26_rrhh_subnacional_cantidad_tecnico_campo","text","rrhh","payload.rrhh.sat26_rrhh_subnacional_cantidad_tecnico_campo","",""
"sat26_rrhh_subnacional_cantidad_tecnico_laboratorio","sat26_rrhh_subnacional_cantidad_tecnico_laboratorio","text","rrhh","payload.rrhh.sat26_rrhh_subnacional_cantidad_tecnico_laboratorio","",""
"sat26_rrhh_subnacional_cantidad_comunitaria","sat26_rrhh_subnacional_cantidad_comunitaria","text","rrhh","payload.rrhh.sat26_rrhh_subnacional_cantidad_comunitaria","",""
"sat26_rrhh_subnacional_cantidad_datos","sat26_rrhh_subnacional_cantidad_datos","text","rrhh","payload.rrhh.sat26_rrhh_subnacional_cantidad_datos","",""
"sat26_rrhh_suficiencia_vigilancia","sat26_rrhh_suficiencia_vigilancia","text","rrhh","payload.rrhh.sat26_rrhh_suficiencia_vigilancia","",""
"sat26_rrhh_suficiencia_control","sat26_rrhh_suficiencia_control","text","rrhh","payload.rrhh.sat26_rrhh_suficiencia_control","",""
"sat26_rrhh_brecha_supervisor","sat26_rrhh_brecha_supervisor","text","rrhh","payload.rrhh.sat26_rrhh_brecha_supervisor","",""
"sat26_rrhh_brecha_director","sat26_rrhh_brecha_director","text","rrhh","payload.rrhh.sat26_rrhh_brecha_director","",""
"sat26_rrhh_brecha_coordinador","sat26_rrhh_brecha_coordinador","text","rrhh","payload.rrhh.sat26_rrhh_brecha_coordinador","",""
"sat26_rrhh_brecha_ambiental","sat26_rrhh_brecha_ambiental","text","rrhh","payload.rrhh.sat26_rrhh_brecha_ambiental","",""
"sat26_rrhh_brecha_tecnico_campo","sat26_rrhh_brecha_tecnico_campo","text","rrhh","payload.rrhh.sat26_rrhh_brecha_tecnico_campo","",""
"sat26_rrhh_brecha_tecnico_laboratorio","sat26_rrhh_brecha_tecnico_laboratorio","text","rrhh","payload.rrhh.sat26_rrhh_brecha_tecnico_laboratorio","",""
"sat26_rrhh_brecha_comunitaria","sat26_rrhh_brecha_comunitaria","text","rrhh","payload.rrhh.sat26_rrhh_brecha_comunitaria","",""
"sat26_rrhh_brecha_datos","sat26_rrhh_brecha_datos","text","rrhh","payload.rrhh.sat26_rrhh_brecha_datos","",""
"sat26_rrhh_adicional_supervisor","sat26_rrhh_adicional_supervisor","text","rrhh","payload.rrhh.sat26_rrhh_adicional_supervisor","",""
"sat26_rrhh_adicional_director","sat26_rrhh_adicional_director","text","rrhh","payload.rrhh.sat26_rrhh_adicional_director","",""
"sat26_rrhh_adicional_coordinador","sat26_rrhh_adicional_coordinador","text","rrhh","payload.rrhh.sat26_rrhh_adicional_coordinador","",""
"sat26_rrhh_adicional_ambiental","sat26_rrhh_adicional_ambiental","text","rrhh","payload.rrhh.sat26_rrhh_adicional_ambiental","",""
"sat26_rrhh_adicional_tecnico_campo","sat26_rrhh_adicional_tecnico_campo","text","rrhh","payload.rrhh.sat26_rrhh_adicional_tecnico_campo","",""
"sat26_rrhh_adicional_tecnico_laboratorio","sat26_rrhh_adicional_tecnico_laboratorio","text","rrhh","payload.rrhh.sat26_rrhh_adicional_tecnico_laboratorio","",""
"sat26_rrhh_adicional_comunitaria","sat26_rrhh_adicional_comunitaria","text","rrhh","payload.rrhh.sat26_rrhh_adicional_comunitaria","",""
"sat26_rrhh_adicional_datos","sat26_rrhh_adicional_datos","text","rrhh","payload.rrhh.sat26_rrhh_adicional_datos","",""
"sat26_rrhh_capacitacion_otro","sat26_rrhh_capacitacion_otro","text","rrhh","payload.rrhh.sat26_rrhh_capacitacion_otro","",""
"sat26_rrhh_necesidad_capacitacion","sat26_rrhh_necesidad_capacitacion","text","rrhh_cont","payload.rrhh_cont.sat26_rrhh_necesidad_capacitacion","",""
"sat26_rrhh_prioridad_gestion_control","sat26_rrhh_prioridad_gestion_control","text","rrhh_cont","payload.rrhh_cont.sat26_rrhh_prioridad_gestion_control","",""
"sat26_rrhh_prioridad_gestion_vigilancia","sat26_rrhh_prioridad_gestion_vigilancia","text","rrhh_cont","payload.rrhh_cont.sat26_rrhh_prioridad_gestion_vigilancia","",""
"sat26_rrhh_prioridad_identificacion_mosquitos","sat26_rrhh_prioridad_identificacion_mosquitos","text","rrhh_cont","payload.rrhh_cont.sat26_rrhh_prioridad_identificacion_mosquitos","",""
"sat26_rrhh_prioridad_operaciones_vigilancia","sat26_rrhh_prioridad_operaciones_vigilancia","text","rrhh_cont","payload.rrhh_cont.sat26_rrhh_prioridad_operaciones_vigilancia","",""
"sat26_rrhh_prioridad_resistencia_insecticidas","sat26_rrhh_prioridad_resistencia_insecticidas","text","rrhh_cont","payload.rrhh_cont.sat26_rrhh_prioridad_resistencia_insecticidas","",""
"sat26_rrhh_prioridad_participacion_comunitaria","sat26_rrhh_prioridad_participacion_comunitaria","text","rrhh_cont","payload.rrhh_cont.sat26_rrhh_prioridad_participacion_comunitaria","",""
"sat26_rrhh_prioridad_comunicacion_riesgos","sat26_rrhh_prioridad_comunicacion_riesgos","text","rrhh_cont","payload.rrhh_cont.sat26_rrhh_prioridad_comunicacion_riesgos","",""
"sat26_rrhh_prioridad_soporte_datos","sat26_rrhh_prioridad_soporte_datos","text","rrhh_cont","payload.rrhh_cont.sat26_rrhh_prioridad_soporte_datos","",""
"sat26_rrhh_prioridad_gis","sat26_rrhh_prioridad_gis","text","rrhh_cont","payload.rrhh_cont.sat26_rrhh_prioridad_gis","",""
"sat26_rrhh_prioridad_analisis_datos","sat26_rrhh_prioridad_analisis_datos","text","rrhh_cont","payload.rrhh_cont.sat26_rrhh_prioridad_analisis_datos","",""
"sat26_rrhh_prioridad_informes","sat26_rrhh_prioridad_informes","text","rrhh_cont","payload.rrhh_cont.sat26_rrhh_prioridad_informes","",""
"sat26_rrhh_prioridad_investigacion_operativa","sat26_rrhh_prioridad_investigacion_operativa","text","rrhh_cont","payload.rrhh_cont.sat26_rrhh_prioridad_investigacion_operativa","",""
"sat26_rrhh_otras_areas","sat26_rrhh_otras_areas","text","rrhh_cont","payload.rrhh_cont.sat26_rrhh_otras_areas","",""
"sat26_rrhh_capacitados_nacional","sat26_rrhh_capacitados_nacional","text","rrhh_cont","payload.rrhh_cont.sat26_rrhh_capacitados_nacional","",""
"sat26_rrhh_capacitados_subnacional","sat26_rrhh_capacitados_subnacional","text","rrhh_cont","payload.rrhh_cont.sat26_rrhh_capacitados_subnacional","",""
"sat26_rrhh_modalidad_preferida","sat26_rrhh_modalidad_preferida","text","rrhh_cont","payload.rrhh_cont.sat26_rrhh_modalidad_preferida","",""
"sat26_rrhh_online_implementacion","sat26_rrhh_online_implementacion","text","rrhh_cont","payload.rrhh_cont.sat26_rrhh_online_implementacion","",""
"sat26_rrhh_online_modalidad","sat26_rrhh_online_modalidad","text","rrhh_cont","payload.rrhh_cont.sat26_rrhh_online_modalidad","",""
"sat26_rrhh_acceso_computadora","sat26_rrhh_acceso_computadora","text","rrhh_cont","payload.rrhh_cont.sat26_rrhh_acceso_computadora","",""
"sat26_rrhh_cursos_previos","sat26_rrhh_cursos_previos","text","rrhh_cont","payload.rrhh_cont.sat26_rrhh_cursos_previos","",""
"sat26_rrhh_cursos_previos_bien","sat26_rrhh_cursos_previos_bien","text","rrhh_cont","payload.rrhh_cont.sat26_rrhh_cursos_previos_bien","",""
"sat26_rrhh_cursos_previos_mal","sat26_rrhh_cursos_previos_mal","text","rrhh_cont","payload.rrhh_cont.sat26_rrhh_cursos_previos_mal","",""
"sat26_rrhh_personal_cargo","sat26_rrhh_personal_cargo","text","rrhh_cont","payload.rrhh_cont.sat26_rrhh_personal_cargo","",""
"sat26_rrhh_formadores_gestion_control","sat26_rrhh_formadores_gestion_control","text","rrhh_cont","payload.rrhh_cont.sat26_rrhh_formadores_gestion_control","",""
"sat26_rrhh_formadores_gestion_vigilancia","sat26_rrhh_formadores_gestion_vigilancia","text","rrhh_cont","payload.rrhh_cont.sat26_rrhh_formadores_gestion_vigilancia","",""
"sat26_rrhh_formadores_identificacion_mosquitos","sat26_rrhh_formadores_identificacion_mosquitos","text","rrhh_cont","payload.rrhh_cont.sat26_rrhh_formadores_identificacion_mosquitos","",""
"sat26_rrhh_formadores_operaciones_vigilancia","sat26_rrhh_formadores_operaciones_vigilancia","text","rrhh_cont","payload.rrhh_cont.sat26_rrhh_formadores_operaciones_vigilancia","",""
"sat26_rrhh_formadores_resistencia_insecticidas","sat26_rrhh_formadores_resistencia_insecticidas","text","rrhh_cont","payload.rrhh_cont.sat26_rrhh_formadores_resistencia_insecticidas","",""
"sat26_rrhh_formadores_participacion_comunitaria","sat26_rrhh_formadores_participacion_comunitaria","text","rrhh_cont","payload.rrhh_cont.sat26_rrhh_formadores_participacion_comunitaria","",""
"sat26_rrhh_formadores_comunicacion_riesgos","sat26_rrhh_formadores_comunicacion_riesgos","text","rrhh_cont","payload.rrhh_cont.sat26_rrhh_formadores_comunicacion_riesgos","",""
"sat26_rrhh_formadores_soporte_datos","sat26_rrhh_formadores_soporte_datos","text","rrhh_cont","payload.rrhh_cont.sat26_rrhh_formadores_soporte_datos","",""
"sat26_rrhh_formadores_gis","sat26_rrhh_formadores_gis","text","rrhh_cont","payload.rrhh_cont.sat26_rrhh_formadores_gis","",""
"sat26_rrhh_formadores_analisis_datos","sat26_rrhh_formadores_analisis_datos","text","rrhh_cont","payload.rrhh_cont.sat26_rrhh_formadores_analisis_datos","",""
"sat26_rrhh_formadores_informes","sat26_rrhh_formadores_informes","text","rrhh_cont","payload.rrhh_cont.sat26_rrhh_formadores_informes","",""
"sat26_rrhh_formadores_investigacion_operativa","sat26_rrhh_formadores_investigacion_operativa","text","rrhh_cont","payload.rrhh_cont.sat26_rrhh_formadores_investigacion_operativa","",""
"sat26_control_aedes_conocimiento","sat26_control_aedes_conocimiento","text","control","payload.control.sat26_control_aedes_conocimiento","",""
"sat26_control_aedes_frecuencia_criaderos","sat26_control_aedes_frecuencia_criaderos","text","control","payload.control.sat26_control_aedes_frecuencia_criaderos","",""
"sat26_control_aedes_frecuencia_larvicidas","sat26_control_aedes_frecuencia_larvicidas","text","control","payload.control.sat26_control_aedes_frecuencia_larvicidas","",""
"sat26_control_aedes_frecuencia_irs_aedes","sat26_control_aedes_frecuencia_irs_aedes","text","control","payload.control.sat26_control_aedes_frecuencia_irs_aedes","",""
"sat26_control_aedes_frecuencia_ors_aedes","sat26_control_aedes_frecuencia_ors_aedes","text","control","payload.control.sat26_control_aedes_frecuencia_ors_aedes","",""
"sat26_control_aedes_frecuencia_nebulizacion_interiores","sat26_control_aedes_frecuencia_nebulizacion_interiores","text","control","payload.control.sat26_control_aedes_frecuencia_nebulizacion_interiores","",""
"sat26_control_aedes_frecuencia_nebulizacion_exteriores","sat26_control_aedes_frecuencia_nebulizacion_exteriores","text","control","payload.control.sat26_control_aedes_frecuencia_nebulizacion_exteriores","",""
"sat26_control_aedes_frecuencia_wolbachia","sat26_control_aedes_frecuencia_wolbachia","text","control","payload.control.sat26_control_aedes_frecuencia_wolbachia","",""
"sat26_control_aedes_frecuencia_mosquiteros_febriles","sat26_control_aedes_frecuencia_mosquiteros_febriles","text","control","payload.control.sat26_control_aedes_frecuencia_mosquiteros_febriles","",""
"sat26_control_aedes_frecuencia_repelentes_febriles","sat26_control_aedes_frecuencia_repelentes_febriles","text","control","payload.control.sat26_control_aedes_frecuencia_repelentes_febriles","",""
"sat26_control_aedes_otras_implemento","sat26_control_aedes_otras_implemento","text","control","payload.control.sat26_control_aedes_otras_implemento","",""
"sat26_control_aedes_otras_descripcion","sat26_control_aedes_otras_descripcion","text","control","payload.control.sat26_control_aedes_otras_descripcion","",""
"sat26_control_anopheles_conocimiento","sat26_control_anopheles_conocimiento","text","control","payload.control.sat26_control_anopheles_conocimiento","",""
"sat26_control_anopheles_frecuencia_itns","sat26_control_anopheles_frecuencia_itns","text","control","payload.control.sat26_control_anopheles_frecuencia_itns","",""
"sat26_control_anopheles_frecuencia_llins","sat26_control_anopheles_frecuencia_llins","text","control","payload.control.sat26_control_anopheles_frecuencia_llins","",""
"sat26_control_anopheles_frecuencia_irs","sat26_control_anopheles_frecuencia_irs","text","control","payload.control.sat26_control_anopheles_frecuencia_irs","",""
"sat26_control_anopheles_frecuencia_larvicidas","sat26_control_anopheles_frecuencia_larvicidas","text","control","payload.control.sat26_control_anopheles_frecuencia_larvicidas","",""
"sat26_control_anopheles_frecuencia_criaderos","sat26_control_anopheles_frecuencia_criaderos","text","control","payload.control.sat26_control_anopheles_frecuencia_criaderos","",""
"sat26_control_anopheles_otras_implemento","sat26_control_anopheles_otras_implemento","text","control","payload.control.sat26_control_anopheles_otras_implemento","",""
"sat26_control_anopheles_otras_descripcion","sat26_control_anopheles_otras_descripcion","text","control","payload.control.sat26_control_anopheles_otras_descripcion","",""
"sat26_control_calidad_calidad_intervenciones","sat26_control_calidad_calidad_intervenciones","text","control","payload.control.sat26_control_calidad_calidad_intervenciones","",""
"sat26_control_calidad_durabilidad_llin","sat26_control_calidad_durabilidad_llin","text","control","payload.control.sat26_control_calidad_durabilidad_llin","",""
"sat26_control_calidad_eficacia_llin","sat26_control_calidad_eficacia_llin","text","control","payload.control.sat26_control_calidad_eficacia_llin","",""
"sat26_control_calidad_eficacia_irs","sat26_control_calidad_eficacia_irs","text","control","payload.control.sat26_control_calidad_eficacia_irs","",""
"sat26_control_calidad_impacto_larvicidas","sat26_control_calidad_impacto_larvicidas","text","control","payload.control.sat26_control_calidad_impacto_larvicidas","",""
"sat26_control_calidad_eficacia_irs_aedes","sat26_control_calidad_eficacia_irs_aedes","text","control","payload.control.sat26_control_calidad_eficacia_irs_aedes","",""
"sat26_control_calidad_nebulizacion_espacial","sat26_control_calidad_nebulizacion_espacial","text","control","payload.control.sat26_control_calidad_nebulizacion_espacial","",""
"f5b_1_1_control_irs_otro","sat26_control_irs_otro","text","control","payload.control.sat26_control_irs_otro","",""
"f5b_2_1_control_larvicidas_otro","sat26_control_larvicidas_otro","text","control","payload.control.sat26_control_larvicidas_otro","",""
"f5b_3_1_control_irs_aedes_otro","sat26_control_irs_aedes_otro","text","control","payload.control.sat26_control_irs_aedes_otro","",""
"f5b_4_1_control_nebulizacion_otro","sat26_control_nebulizacion_otro","text","control","payload.control.sat26_control_nebulizacion_otro","",""
"sat26_vigilancia_aedes_ind_presencia_adultos","sat26_vigilancia_aedes_ind_presencia_adultos","text","vigilancia","payload.vigilancia.sat26_vigilancia_aedes_ind_presencia_adultos","",""
"sat26_vigilancia_aedes_ind_densidad_adultos","sat26_vigilancia_aedes_ind_densidad_adultos","text","vigilancia","payload.vigilancia.sat26_vigilancia_aedes_ind_densidad_adultos","",""
"sat26_vigilancia_aedes_ind_tasa_picadura","sat26_vigilancia_aedes_ind_tasa_picadura","text","vigilancia","payload.vigilancia.sat26_vigilancia_aedes_ind_tasa_picadura","",""
"sat26_vigilancia_aedes_ind_horario_picadura","sat26_vigilancia_aedes_ind_horario_picadura","text","vigilancia","payload.vigilancia.sat26_vigilancia_aedes_ind_horario_picadura","",""
"sat26_vigilancia_aedes_ind_lugar_picadura","sat26_vigilancia_aedes_ind_lugar_picadura","text","vigilancia","payload.vigilancia.sat26_vigilancia_aedes_ind_lugar_picadura","",""
"sat26_vigilancia_aedes_ind_descanso_interior","sat26_vigilancia_aedes_ind_descanso_interior","text","vigilancia","payload.vigilancia.sat26_vigilancia_aedes_ind_descanso_interior","",""
"sat26_vigilancia_aedes_ind_descanso_exterior","sat26_vigilancia_aedes_ind_descanso_exterior","text","vigilancia","payload.vigilancia.sat26_vigilancia_aedes_ind_descanso_exterior","",""
"sat26_vigilancia_aedes_ind_resistencia_adultos","sat26_vigilancia_aedes_ind_resistencia_adultos","text","vigilancia","payload.vigilancia.sat26_vigilancia_aedes_ind_resistencia_adultos","",""
"sat26_vigilancia_aedes_ind_resistencia_larvas","sat26_vigilancia_aedes_ind_resistencia_larvas","text","vigilancia","payload.vigilancia.sat26_vigilancia_aedes_ind_resistencia_larvas","",""
"sat26_vigilancia_aedes_ind_intensidad_resistencia","sat26_vigilancia_aedes_ind_intensidad_resistencia","text","vigilancia","payload.vigilancia.sat26_vigilancia_aedes_ind_intensidad_resistencia","",""
"sat26_vigilancia_aedes_ind_habitat_larvario","sat26_vigilancia_aedes_ind_habitat_larvario","text","vigilancia","payload.vigilancia.sat26_vigilancia_aedes_ind_habitat_larvario","",""
"sat26_vigilancia_aedes_ind_habitats_clave","sat26_vigilancia_aedes_ind_habitats_clave","text","vigilancia","payload.vigilancia.sat26_vigilancia_aedes_ind_habitats_clave","",""
"sat26_vigilancia_anopheles_ind_presencia_adultos","sat26_vigilancia_anopheles_ind_presencia_adultos","text","vigilancia","payload.vigilancia.sat26_vigilancia_anopheles_ind_presencia_adultos","",""
"sat26_vigilancia_anopheles_ind_densidad_adultos","sat26_vigilancia_anopheles_ind_densidad_adultos","text","vigilancia","payload.vigilancia.sat26_vigilancia_anopheles_ind_densidad_adultos","",""
"sat26_vigilancia_anopheles_ind_tasa_picadura","sat26_vigilancia_anopheles_ind_tasa_picadura","text","vigilancia","payload.vigilancia.sat26_vigilancia_anopheles_ind_tasa_picadura","",""
"sat26_vigilancia_anopheles_ind_horario_picadura","sat26_vigilancia_anopheles_ind_horario_picadura","text","vigilancia","payload.vigilancia.sat26_vigilancia_anopheles_ind_horario_picadura","",""
"sat26_vigilancia_anopheles_ind_lugar_picadura","sat26_vigilancia_anopheles_ind_lugar_picadura","text","vigilancia","payload.vigilancia.sat26_vigilancia_anopheles_ind_lugar_picadura","",""
"sat26_vigilancia_anopheles_ind_descanso_interior","sat26_vigilancia_anopheles_ind_descanso_interior","text","vigilancia","payload.vigilancia.sat26_vigilancia_anopheles_ind_descanso_interior","",""
"sat26_vigilancia_anopheles_ind_descanso_exterior","sat26_vigilancia_anopheles_ind_descanso_exterior","text","vigilancia","payload.vigilancia.sat26_vigilancia_anopheles_ind_descanso_exterior","",""
"sat26_vigilancia_anopheles_ind_resistencia_adultos","sat26_vigilancia_anopheles_ind_resistencia_adultos","text","vigilancia","payload.vigilancia.sat26_vigilancia_anopheles_ind_resistencia_adultos","",""
"sat26_vigilancia_anopheles_ind_resistencia_larvas","sat26_vigilancia_anopheles_ind_resistencia_larvas","text","vigilancia","payload.vigilancia.sat26_vigilancia_anopheles_ind_resistencia_larvas","",""
"sat26_vigilancia_anopheles_ind_intensidad_resistencia","sat26_vigilancia_anopheles_ind_intensidad_resistencia","text","vigilancia","payload.vigilancia.sat26_vigilancia_anopheles_ind_intensidad_resistencia","",""
"sat26_vigilancia_anopheles_ind_habitat_larvario","sat26_vigilancia_anopheles_ind_habitat_larvario","text","vigilancia","payload.vigilancia.sat26_vigilancia_anopheles_ind_habitat_larvario","",""
"sat26_vigilancia_anopheles_ind_habitats_clave","sat26_vigilancia_anopheles_ind_habitats_clave","text","vigilancia","payload.vigilancia.sat26_vigilancia_anopheles_ind_habitats_clave","",""
"sat26_vigilancia_aedes_sitios","sat26_vigilancia_aedes_sitios","text","vigilancia","payload.vigilancia.sat26_vigilancia_aedes_sitios","",""
"sat26_vigilancia_aedes_conoce_trampas","sat26_vigilancia_aedes_conoce_trampas","text","vigilancia","payload.vigilancia.sat26_vigilancia_aedes_conoce_trampas","",""
"sat26_vigilancia_aedes_trampa_otro","sat26_vigilancia_aedes_trampa_otro","text","vigilancia","payload.vigilancia.sat26_vigilancia_aedes_trampa_otro","",""
"sat26_vigilancia_aedes_ident_adultos","sat26_vigilancia_aedes_ident_adultos","text","vigilancia","payload.vigilancia.sat26_vigilancia_aedes_ident_adultos","",""
"sat26_vigilancia_aedes_ident_adultos_otro","sat26_vigilancia_aedes_ident_adultos_otro","text","vigilancia","payload.vigilancia.sat26_vigilancia_aedes_ident_adultos_otro","",""
"sat26_vigilancia_aedes_ident_larvas","sat26_vigilancia_aedes_ident_larvas","text","vigilancia","payload.vigilancia.sat26_vigilancia_aedes_ident_larvas","",""
"sat26_vigilancia_aedes_ident_larvas_otro","sat26_vigilancia_aedes_ident_larvas_otro","text","vigilancia","payload.vigilancia.sat26_vigilancia_aedes_ident_larvas_otro","",""
"sat26_vigilancia_anopheles_sitios","sat26_vigilancia_anopheles_sitios","text","vigilancia","payload.vigilancia.sat26_vigilancia_anopheles_sitios","",""
"sat26_vigilancia_anopheles_conoce_trampas","sat26_vigilancia_anopheles_conoce_trampas","text","vigilancia","payload.vigilancia.sat26_vigilancia_anopheles_conoce_trampas","",""
"sat26_vigilancia_anopheles_trampa_otro","sat26_vigilancia_anopheles_trampa_otro","text","vigilancia","payload.vigilancia.sat26_vigilancia_anopheles_trampa_otro","",""
"sat26_vigilancia_anopheles_ident_adultos","sat26_vigilancia_anopheles_ident_adultos","text","vigilancia","payload.vigilancia.sat26_vigilancia_anopheles_ident_adultos","",""
"sat26_vigilancia_anopheles_ident_adultos_otro","sat26_vigilancia_anopheles_ident_adultos_otro","text","vigilancia","payload.vigilancia.sat26_vigilancia_anopheles_ident_adultos_otro","",""
"sat26_vigilancia_anopheles_ident_larvas","sat26_vigilancia_anopheles_ident_larvas","text","vigilancia","payload.vigilancia.sat26_vigilancia_anopheles_ident_larvas","",""
"sat26_vigilancia_anopheles_ident_larvas_otro","sat26_vigilancia_anopheles_ident_larvas_otro","text","vigilancia","payload.vigilancia.sat26_vigilancia_anopheles_ident_larvas_otro","",""
"sat26_vigilancia_uso_datos","sat26_vigilancia_uso_datos","text","vigilancia","payload.vigilancia.sat26_vigilancia_uso_datos","",""
"sat26_vigilancia_decisiones_otro","sat26_vigilancia_decisiones_otro","text","vigilancia","payload.vigilancia.sat26_vigilancia_decisiones_otro","",""
"sat26_infra_vigilancia_sistema_logistico","sat26_infra_vigilancia_sistema_logistico","text","infraestructura","payload.infraestructura.sat26_infra_vigilancia_sistema_logistico","",""
"sat26_infra_vigilancia_transporte","sat26_infra_vigilancia_transporte","text","infraestructura","payload.infraestructura.sat26_infra_vigilancia_transporte","",""
"sat26_infra_vigilancia_oficina","sat26_infra_vigilancia_oficina","text","infraestructura","payload.infraestructura.sat26_infra_vigilancia_oficina","",""
"sat26_infra_vigilancia_laboratorio","sat26_infra_vigilancia_laboratorio","text","infraestructura","payload.infraestructura.sat26_infra_vigilancia_laboratorio","",""
"sat26_infra_vigilancia_insectario","sat26_infra_vigilancia_insectario","text","infraestructura","payload.infraestructura.sat26_infra_vigilancia_insectario","",""
"sat26_infra_vigilancia_computadoras","sat26_infra_vigilancia_computadoras","text","infraestructura","payload.infraestructura.sat26_infra_vigilancia_computadoras","",""
"sat26_infra_vigilancia_trampas","sat26_infra_vigilancia_trampas","text","infraestructura","payload.infraestructura.sat26_infra_vigilancia_trampas","",""
"sat26_infra_vigilancia_suministros","sat26_infra_vigilancia_suministros","text","infraestructura","payload.infraestructura.sat26_infra_vigilancia_suministros","",""
"sat26_infra_vigilancia_moviles","sat26_infra_vigilancia_moviles","text","infraestructura","payload.infraestructura.sat26_infra_vigilancia_moviles","",""
"sat26_infra_vigilancia_adquisicion","sat26_infra_vigilancia_adquisicion","text","infraestructura","payload.infraestructura.sat26_infra_vigilancia_adquisicion","",""
"sat26_infra_laboratorio_gestionado","sat26_infra_laboratorio_gestionado","text","infraestructura","payload.infraestructura.sat26_infra_laboratorio_gestionado","",""
"sat26_infra_conoce_laboratorio","sat26_infra_conoce_laboratorio","text","infraestructura","payload.infraestructura.sat26_infra_conoce_laboratorio","",""
"sat26_infra_laboratorio_capacidad_otro","sat26_infra_laboratorio_capacidad_otro","text","infraestructura","payload.infraestructura.sat26_infra_laboratorio_capacidad_otro","",""
"sat26_infra_insectario_gestionado","sat26_infra_insectario_gestionado","text","infraestructura","payload.infraestructura.sat26_infra_insectario_gestionado","",""
"sat26_infra_colonia_aedes","sat26_infra_colonia_aedes","text","infraestructura","payload.infraestructura.sat26_infra_colonia_aedes","",""
"sat26_infra_colonia_anopheles","sat26_infra_colonia_anopheles","text","infraestructura","payload.infraestructura.sat26_infra_colonia_anopheles","",""
"sat26_infra_control_sistema_logistico","sat26_infra_control_sistema_logistico","text","infraestructura","payload.infraestructura.sat26_infra_control_sistema_logistico","",""
"sat26_infra_control_transporte","sat26_infra_control_transporte","text","infraestructura","payload.infraestructura.sat26_infra_control_transporte","",""
"sat26_infra_control_oficina","sat26_infra_control_oficina","text","infraestructura","payload.infraestructura.sat26_infra_control_oficina","",""
"sat26_infra_control_bodega","sat26_infra_control_bodega","text","infraestructura","payload.infraestructura.sat26_infra_control_bodega","",""
"sat26_infra_control_computadoras","sat26_infra_control_computadoras","text","infraestructura","payload.infraestructura.sat26_infra_control_computadoras","",""
"sat26_infra_control_rociado","sat26_infra_control_rociado","text","infraestructura","payload.infraestructura.sat26_infra_control_rociado","",""
"sat26_infra_control_llins","sat26_infra_control_llins","text","infraestructura","payload.infraestructura.sat26_infra_control_llins","",""
"sat26_infra_control_insecticidas_irs","sat26_infra_control_insecticidas_irs","text","infraestructura","payload.infraestructura.sat26_infra_control_insecticidas_irs","",""
"sat26_infra_control_mosquiteros_viremicos","sat26_infra_control_mosquiteros_viremicos","text","infraestructura","payload.infraestructura.sat26_infra_control_mosquiteros_viremicos","",""
"sat26_infra_control_larvicidas","sat26_infra_control_larvicidas","text","infraestructura","payload.infraestructura.sat26_infra_control_larvicidas","",""
"sat26_infra_control_epp","sat26_infra_control_epp","text","infraestructura","payload.infraestructura.sat26_infra_control_epp","",""
"sat26_infra_control_otros_equipos","sat26_infra_control_otros_equipos","text","infraestructura","payload.infraestructura.sat26_infra_control_otros_equipos","",""
"sat26_infra_control_cadena_suministro","sat26_infra_control_cadena_suministro","text","infraestructura","payload.infraestructura.sat26_infra_control_cadena_suministro","",""
"sat26_info_vigilancia_recoleccion_usa","sat26_info_vigilancia_recoleccion_usa","text","sistemas_info","payload.sistemas_info.sat26_info_vigilancia_recoleccion_usa","",""
"sat26_info_vigilancia_recoleccion_otro","sat26_info_vigilancia_recoleccion_otro","text","sistemas_info","payload.sistemas_info.sat26_info_vigilancia_recoleccion_otro","",""
"sat26_info_vigilancia_apps","sat26_info_vigilancia_apps","text","sistemas_info","payload.sistemas_info.sat26_info_vigilancia_apps","",""
"sat26_info_vigilancia_almacenamiento_otro","sat26_info_vigilancia_almacenamiento_otro","text","sistemas_info","payload.sistemas_info.sat26_info_vigilancia_almacenamiento_otro","",""
"sat26_info_vigilancia_reporte_otro","sat26_info_vigilancia_reporte_otro","text","sistemas_info","payload.sistemas_info.sat26_info_vigilancia_reporte_otro","",""
"sat26_info_vigilancia_limitacion","sat26_info_vigilancia_limitacion","text","sistemas_info","payload.sistemas_info.sat26_info_vigilancia_limitacion","",""
"sat26_info_control_recoleccion_usa","sat26_info_control_recoleccion_usa","text","sistemas_info","payload.sistemas_info.sat26_info_control_recoleccion_usa","",""
"sat26_info_control_recoleccion_otro","sat26_info_control_recoleccion_otro","text","sistemas_info","payload.sistemas_info.sat26_info_control_recoleccion_otro","",""
"sat26_info_control_apps","sat26_info_control_apps","text","sistemas_info","payload.sistemas_info.sat26_info_control_apps","",""
"sat26_info_control_almacenamiento_otro","sat26_info_control_almacenamiento_otro","text","sistemas_info","payload.sistemas_info.sat26_info_control_almacenamiento_otro","",""
"sat26_info_control_reporte_otro","sat26_info_control_reporte_otro","text","sistemas_info","payload.sistemas_info.sat26_info_control_reporte_otro","",""
"sat26_info_control_limitacion","sat26_info_control_limitacion","text","sistemas_info","payload.sistemas_info.sat26_info_control_limitacion","",""
"sat26_comunidad_participacion","sat26_comunidad_participacion","text","comunidad","payload.comunidad.sat26_comunidad_participacion","",""
"sat26_comunidad_actividades_otro","sat26_comunidad_actividades_otro","text","comunidad","payload.comunidad.sat26_comunidad_actividades_otro","",""
"sat26_comunidad_momento_otro","sat26_comunidad_momento_otro","text","comunidad","payload.comunidad.sat26_comunidad_momento_otro","",""
"sat26_investigacion_agenda","sat26_investigacion_agenda","text","investigacion","payload.investigacion.sat26_investigacion_agenda","",""
"sat26_investigacion_agenda_vectores","sat26_investigacion_agenda_vectores","text","investigacion","payload.investigacion.sat26_investigacion_agenda_vectores","",""
"sat26_investigacion_operativa_aedes","sat26_investigacion_operativa_aedes","text","investigacion","payload.investigacion.sat26_investigacion_operativa_aedes","",""
"k3a_investigacion_titulo","sat26_investigacion_titulo","text","investigacion","payload.investigacion.sat26_investigacion_titulo","",""
"k3b_investigacion_referencias","sat26_investigacion_referencias","text","investigacion","payload.investigacion.sat26_investigacion_referencias","",""
"k3c_1_1_ref_nombre_informes","sat26_investigacion_ref_nombre_informes","text","investigacion","payload.investigacion.sat26_investigacion_ref_nombre_informes","",""
"k3c_2_1_ref_nombre_articulos","sat26_investigacion_ref_nombre_articulos","text","investigacion","payload.investigacion.sat26_investigacion_ref_nombre_articulos","",""
"k3c_3_1_ref_nombre_congresos","sat26_investigacion_ref_nombre_congresos","text","investigacion","payload.investigacion.sat26_investigacion_ref_nombre_congresos","",""
"k3c_4_1_ref_nombre_multilaterales","sat26_investigacion_ref_nombre_multilaterales","text","investigacion","payload.investigacion.sat26_investigacion_ref_nombre_multilaterales","",""
"k3c_5_1_ref_nombre_tesis","sat26_investigacion_ref_nombre_tesis","text","investigacion","payload.investigacion.sat26_investigacion_ref_nombre_tesis","",""
"k3c_6_1_ref_nombre_financiamiento","sat26_investigacion_ref_nombre_financiamiento","text","investigacion","payload.investigacion.sat26_investigacion_ref_nombre_financiamiento","",""
"k3c_7_1_ref_nombre_prensa","sat26_investigacion_ref_nombre_prensa","text","investigacion","payload.investigacion.sat26_investigacion_ref_nombre_prensa","",""
"k3d_1_1_ref_link_informes","sat26_investigacion_ref_link_informes","text","investigacion","payload.investigacion.sat26_investigacion_ref_link_informes","",""
"k3d_2_1_ref_link_articulos","sat26_investigacion_ref_link_articulos","text","investigacion","payload.investigacion.sat26_investigacion_ref_link_articulos","",""
"k3d_3_1_ref_link_congresos","sat26_investigacion_ref_link_congresos","text","investigacion","payload.investigacion.sat26_investigacion_ref_link_congresos","",""
"k3d_4_1_ref_link_multilaterales","sat26_investigacion_ref_link_multilaterales","text","investigacion","payload.investigacion.sat26_investigacion_ref_link_multilaterales","",""
"k3d_5_1_ref_link_tesis","sat26_investigacion_ref_link_tesis","text","investigacion","payload.investigacion.sat26_investigacion_ref_link_tesis","",""
"k3d_6_1_ref_link_financiamiento","sat26_investigacion_ref_link_financiamiento","text","investigacion","payload.investigacion.sat26_investigacion_ref_link_financiamiento","",""
"k3d_7_1_ref_link_prensa","sat26_investigacion_ref_link_prensa","text","investigacion","payload.investigacion.sat26_investigacion_ref_link_prensa","",""
"k3e_1_1_ref_documento_informes","sat26_investigacion_ref_documento_informes","text","investigacion","payload.investigacion.sat26_investigacion_ref_documento_informes","",""
"k3e_2_1_ref_documento_articulos","sat26_investigacion_ref_documento_articulos","text","investigacion","payload.investigacion.sat26_investigacion_ref_documento_articulos","",""
"k3e_3_1_ref_documento_congresos","sat26_investigacion_ref_documento_congresos","text","investigacion","payload.investigacion.sat26_investigacion_ref_documento_congresos","",""
"k3e_4_1_ref_documento_multilaterales","sat26_investigacion_ref_documento_multilaterales","text","investigacion","payload.investigacion.sat26_investigacion_ref_documento_multilaterales","",""
"k3e_5_1_ref_documento_tesis","sat26_investigacion_ref_documento_tesis","text","investigacion","payload.investigacion.sat26_investigacion_ref_documento_tesis","",""
"k3e_6_1_ref_documento_financiamiento","sat26_investigacion_ref_documento_financiamiento","text","investigacion","payload.investigacion.sat26_investigacion_ref_documento_financiamiento","",""
"k3e_7_1_ref_documento_prensa","sat26_investigacion_ref_documento_prensa","text","investigacion","payload.investigacion.sat26_investigacion_ref_documento_prensa","",""
"k5_compartir_entonet","sat26_investigacion_compartir_entonet","text","investigacion","payload.investigacion.sat26_investigacion_compartir_entonet","",""
"k6_compartir_ops","sat26_investigacion_compartir_ops","text","investigacion","payload.investigacion.sat26_investigacion_compartir_ops","",""
"k3b_1_1_ref_tipo_informes_sel_nombre","sat26_investigacion_ref_tipo_informes","binary_1_0","investigacion_ref_tipos","payload.investigacion_ref_tipos.sat26_investigacion_ref_tipo_informes","nombre","Nombre"
"k3b_1_1_ref_tipo_informes_sel_hipervinculo","sat26_investigacion_ref_tipo_informes","binary_1_0","investigacion_ref_tipos","payload.investigacion_ref_tipos.sat26_investigacion_ref_tipo_informes","hipervinculo","Hipervínculo"
"k3b_1_1_ref_tipo_informes_sel_documento","sat26_investigacion_ref_tipo_informes","binary_1_0","investigacion_ref_tipos","payload.investigacion_ref_tipos.sat26_investigacion_ref_tipo_informes","documento","Documento"
"k3b_1_1_ref_tipo_informes_sel_desconozco","sat26_investigacion_ref_tipo_informes","binary_1_0","investigacion_ref_tipos","payload.investigacion_ref_tipos.sat26_investigacion_ref_tipo_informes","desconozco","Desconozco"
"k3b_2_1_ref_tipo_articulos_sel_nombre","sat26_investigacion_ref_tipo_articulos","binary_1_0","investigacion_ref_tipos","payload.investigacion_ref_tipos.sat26_investigacion_ref_tipo_articulos","nombre","Nombre"
"k3b_2_1_ref_tipo_articulos_sel_hipervinculo","sat26_investigacion_ref_tipo_articulos","binary_1_0","investigacion_ref_tipos","payload.investigacion_ref_tipos.sat26_investigacion_ref_tipo_articulos","hipervinculo","Hipervínculo"
"k3b_2_1_ref_tipo_articulos_sel_documento","sat26_investigacion_ref_tipo_articulos","binary_1_0","investigacion_ref_tipos","payload.investigacion_ref_tipos.sat26_investigacion_ref_tipo_articulos","documento","Documento"
"k3b_2_1_ref_tipo_articulos_sel_desconozco","sat26_investigacion_ref_tipo_articulos","binary_1_0","investigacion_ref_tipos","payload.investigacion_ref_tipos.sat26_investigacion_ref_tipo_articulos","desconozco","Desconozco"
"k3b_3_1_ref_tipo_congresos_sel_nombre","sat26_investigacion_ref_tipo_congresos","binary_1_0","investigacion_ref_tipos","payload.investigacion_ref_tipos.sat26_investigacion_ref_tipo_congresos","nombre","Nombre"
"k3b_3_1_ref_tipo_congresos_sel_hipervinculo","sat26_investigacion_ref_tipo_congresos","binary_1_0","investigacion_ref_tipos","payload.investigacion_ref_tipos.sat26_investigacion_ref_tipo_congresos","hipervinculo","Hipervínculo"
"k3b_3_1_ref_tipo_congresos_sel_documento","sat26_investigacion_ref_tipo_congresos","binary_1_0","investigacion_ref_tipos","payload.investigacion_ref_tipos.sat26_investigacion_ref_tipo_congresos","documento","Documento"
"k3b_3_1_ref_tipo_congresos_sel_desconozco","sat26_investigacion_ref_tipo_congresos","binary_1_0","investigacion_ref_tipos","payload.investigacion_ref_tipos.sat26_investigacion_ref_tipo_congresos","desconozco","Desconozco"
"k3b_4_1_ref_tipo_multilaterales_sel_nombre","sat26_investigacion_ref_tipo_multilaterales","binary_1_0","investigacion_ref_tipos","payload.investigacion_ref_tipos.sat26_investigacion_ref_tipo_multilaterales","nombre","Nombre"
"k3b_4_1_ref_tipo_multilaterales_sel_hipervinculo","sat26_investigacion_ref_tipo_multilaterales","binary_1_0","investigacion_ref_tipos","payload.investigacion_ref_tipos.sat26_investigacion_ref_tipo_multilaterales","hipervinculo","Hipervínculo"
"k3b_4_1_ref_tipo_multilaterales_sel_documento","sat26_investigacion_ref_tipo_multilaterales","binary_1_0","investigacion_ref_tipos","payload.investigacion_ref_tipos.sat26_investigacion_ref_tipo_multilaterales","documento","Documento"
"k3b_4_1_ref_tipo_multilaterales_sel_desconozco","sat26_investigacion_ref_tipo_multilaterales","binary_1_0","investigacion_ref_tipos","payload.investigacion_ref_tipos.sat26_investigacion_ref_tipo_multilaterales","desconozco","Desconozco"
"k3b_5_1_ref_tipo_tesis_sel_nombre","sat26_investigacion_ref_tipo_tesis","binary_1_0","investigacion_ref_tipos","payload.investigacion_ref_tipos.sat26_investigacion_ref_tipo_tesis","nombre","Nombre"
"k3b_5_1_ref_tipo_tesis_sel_hipervinculo","sat26_investigacion_ref_tipo_tesis","binary_1_0","investigacion_ref_tipos","payload.investigacion_ref_tipos.sat26_investigacion_ref_tipo_tesis","hipervinculo","Hipervínculo"
"k3b_5_1_ref_tipo_tesis_sel_documento","sat26_investigacion_ref_tipo_tesis","binary_1_0","investigacion_ref_tipos","payload.investigacion_ref_tipos.sat26_investigacion_ref_tipo_tesis","documento","Documento"
"k3b_5_1_ref_tipo_tesis_sel_desconozco","sat26_investigacion_ref_tipo_tesis","binary_1_0","investigacion_ref_tipos","payload.investigacion_ref_tipos.sat26_investigacion_ref_tipo_tesis","desconozco","Desconozco"
"k3b_6_1_ref_tipo_financiamiento_sel_nombre","sat26_investigacion_ref_tipo_financiamiento","binary_1_0","investigacion_ref_tipos","payload.investigacion_ref_tipos.sat26_investigacion_ref_tipo_financiamiento","nombre","Nombre"
"k3b_6_1_ref_tipo_financiamiento_sel_hipervinculo","sat26_investigacion_ref_tipo_financiamiento","binary_1_0","investigacion_ref_tipos","payload.investigacion_ref_tipos.sat26_investigacion_ref_tipo_financiamiento","hipervinculo","Hipervínculo"
"k3b_6_1_ref_tipo_financiamiento_sel_documento","sat26_investigacion_ref_tipo_financiamiento","binary_1_0","investigacion_ref_tipos","payload.investigacion_ref_tipos.sat26_investigacion_ref_tipo_financiamiento","documento","Documento"
"k3b_6_1_ref_tipo_financiamiento_sel_desconozco","sat26_investigacion_ref_tipo_financiamiento","binary_1_0","investigacion_ref_tipos","payload.investigacion_ref_tipos.sat26_investigacion_ref_tipo_financiamiento","desconozco","Desconozco"
"k3b_7_1_ref_tipo_prensa_sel_nombre","sat26_investigacion_ref_tipo_prensa","binary_1_0","investigacion_ref_tipos","payload.investigacion_ref_tipos.sat26_investigacion_ref_tipo_prensa","nombre","Nombre"
"k3b_7_1_ref_tipo_prensa_sel_hipervinculo","sat26_investigacion_ref_tipo_prensa","binary_1_0","investigacion_ref_tipos","payload.investigacion_ref_tipos.sat26_investigacion_ref_tipo_prensa","hipervinculo","Hipervínculo"
"k3b_7_1_ref_tipo_prensa_sel_documento","sat26_investigacion_ref_tipo_prensa","binary_1_0","investigacion_ref_tipos","payload.investigacion_ref_tipos.sat26_investigacion_ref_tipo_prensa","documento","Documento"
"k3b_7_1_ref_tipo_prensa_sel_desconozco","sat26_investigacion_ref_tipo_prensa","binary_1_0","investigacion_ref_tipos","payload.investigacion_ref_tipos.sat26_investigacion_ref_tipo_prensa","desconozco","Desconozco"
"sat26_regional_punto_focal","sat26_regional_punto_focal","text","colaboracion_regional","payload.colaboracion_regional.sat26_regional_punto_focal","",""
"sat26_regional_acuerdos","sat26_regional_acuerdos","text","colaboracion_regional","payload.colaboracion_regional.sat26_regional_acuerdos","",""
"sat26_regional_frecuencia_intercambio","sat26_regional_frecuencia_intercambio","text","colaboracion_regional","payload.colaboracion_regional.sat26_regional_frecuencia_intercambio","",""
"sat26_regional_sistemas_invasoras","sat26_regional_sistemas_invasoras","text","colaboracion_regional","payload.colaboracion_regional.sat26_regional_sistemas_invasoras","",""
"sat26_regional_cambio_climatico","sat26_regional_cambio_climatico","text","colaboracion_regional","payload.colaboracion_regional.sat26_regional_cambio_climatico","",""
"sat26_regional_redes","sat26_regional_redes","text","colaboracion_regional","payload.colaboracion_regional.sat26_regional_redes","",""
"sat26_regional_mecanismos","sat26_regional_mecanismos","text","colaboracion_regional","payload.colaboracion_regional.sat26_regional_mecanismos","",""
"sat26_regional_plataformas","sat26_regional_plataformas","text","colaboracion_regional","payload.colaboracion_regional.sat26_regional_plataformas","",""
