"source_csv_column","source_variable","json_path","option_value","option_label","binary_csv_column","selected_value","not_selected_value"
"arbovirus_2025","arbovirus_2025","payload.arbovirus_2025","zika","Zika","arbovirus_2025_sel_zika","1","0"
"arbovirus_2025","arbovirus_2025","payload.arbovirus_2025","chikungunya","Chikungunya","arbovirus_2025_sel_chikungunya","1","0"
"arbovirus_2025","arbovirus_2025","payload.arbovirus_2025","ninguno","Ninguno","arbovirus_2025_sel_ninguno","1","0"
"arbovirus_2025","arbovirus_2025","payload.arbovirus_2025","desconozco","Desconozco","arbovirus_2025_sel_desconozco","1","0"
"plan_aedes_caracteristicas","plan_aedes_caracteristicas","payload.plan_aedes_caracteristicas","nombre","Nombre","plan_aedes_caracteristicas_sel_nombre","1","0"
"plan_aedes_caracteristicas","plan_aedes_caracteristicas","payload.plan_aedes_caracteristicas","anio_actualizacion","Último año de actualización","plan_aedes_caracteristicas_sel_anio_actualizacion","1","0"
"plan_aedes_caracteristicas","plan_aedes_caracteristicas","payload.plan_aedes_caracteristicas","documento","Documento del plan","plan_aedes_caracteristicas_sel_documento","1","0"
"plan_aedes_caracteristicas","plan_aedes_caracteristicas","payload.plan_aedes_caracteristicas","desconozco","Desconozco","plan_aedes_caracteristicas_sel_desconozco","1","0"
"plan_anopheles_caracteristicas","plan_anopheles_caracteristicas","payload.plan_anopheles_caracteristicas","nombre","Nombre","plan_anopheles_caracteristicas_sel_nombre","1","0"
"plan_anopheles_caracteristicas","plan_anopheles_caracteristicas","payload.plan_anopheles_caracteristicas","anio_actualizacion","Último año de actualización","plan_anopheles_caracteristicas_sel_anio_actualizacion","1","0"
"plan_anopheles_caracteristicas","plan_anopheles_caracteristicas","payload.plan_anopheles_caracteristicas","documento","Documento del plan","plan_anopheles_caracteristicas_sel_documento","1","0"
"plan_anopheles_caracteristicas","plan_anopheles_caracteristicas","payload.plan_anopheles_caracteristicas","desconozco","Desconozco","plan_anopheles_caracteristicas_sel_desconozco","1","0"
"plan_integrado_caracteristicas","plan_integrado_caracteristicas","payload.plan_integrado_caracteristicas","nombre","Nombre","plan_integrado_caracteristicas_sel_nombre","1","0"
"plan_integrado_caracteristicas","plan_integrado_caracteristicas","payload.plan_integrado_caracteristicas","anio_actualizacion","Último año de actualización","plan_integrado_caracteristicas_sel_anio_actualizacion","1","0"
"plan_integrado_caracteristicas","plan_integrado_caracteristicas","payload.plan_integrado_caracteristicas","documento","Documento del plan","plan_integrado_caracteristicas_sel_documento","1","0"
"plan_integrado_caracteristicas","plan_integrado_caracteristicas","payload.plan_integrado_caracteristicas","desconozco","Desconozco","plan_integrado_caracteristicas_sel_desconozco","1","0"
"factores_prioridad","factores_prioridad","payload.factores_prioridad","casos","Casos reportados / carga de enfermedad","factores_prioridad_sel_casos","1","0"
"factores_prioridad","factores_prioridad","payload.factores_prioridad","autoridades","Opinión o presión de autoridades superiores","factores_prioridad_sel_autoridades","1","0"
"factores_prioridad","factores_prioridad","payload.factores_prioridad","cooperacion","Requisitos de cooperación internacional","factores_prioridad_sel_cooperacion","1","0"
"factores_prioridad","factores_prioridad","payload.factores_prioridad","costos","Costos operativos de la vigilancia y control","factores_prioridad_sel_costos","1","0"
"factores_prioridad","factores_prioridad","payload.factores_prioridad","comunidad","Interés de la comunidad","factores_prioridad_sel_comunidad","1","0"
"factores_prioridad","factores_prioridad","payload.factores_prioridad","experiencias","Experiencias pasadas","factores_prioridad_sel_experiencias","1","0"
"factores_prioridad","factores_prioridad","payload.factores_prioridad","otros","Otros","factores_prioridad_sel_otros","1","0"
"factores_prioridad","factores_prioridad","payload.factores_prioridad","desconozco","Desconozco","factores_prioridad_sel_desconozco","1","0"
"motivadores_institucion","motivadores_institucion","payload.motivadores_institucion","recursos","Disponibilidad de recursos sostenibles","motivadores_institucion_sel_recursos","1","0"
"motivadores_institucion","motivadores_institucion","payload.motivadores_institucion","apoyo_politico","Presión o apoyo político de alto nivel","motivadores_institucion_sel_apoyo_politico","1","0"
"motivadores_institucion","motivadores_institucion","payload.motivadores_institucion","exitos","Éxitos visibles en territorio","motivadores_institucion_sel_exitos","1","0"
"motivadores_institucion","motivadores_institucion","payload.motivadores_institucion","indicadores","Mejora de los indicadores de salud","motivadores_institucion_sel_indicadores","1","0"
"motivadores_institucion","motivadores_institucion","payload.motivadores_institucion","participacion","Mayor participación comunitaria","motivadores_institucion_sel_participacion","1","0"
"motivadores_institucion","motivadores_institucion","payload.motivadores_institucion","alianzas","Alianzas con cooperación o sector privado","motivadores_institucion_sel_alianzas","1","0"
"motivadores_institucion","motivadores_institucion","payload.motivadores_institucion","no_sabria","No sabría decir qué puede motivar a mi institución","motivadores_institucion_sel_no_sabria","1","0"
"motivadores_institucion","motivadores_institucion","payload.motivadores_institucion","otras","Otras","motivadores_institucion_sel_otras","1","0"
"motivadores_institucion","motivadores_institucion","payload.motivadores_institucion","desconozco","Desconozco","motivadores_institucion_sel_desconozco","1","0"
"rrhh_capacitacion_sistemas","rrhh_capacitacion_sistemas","payload.rrhh_capacitacion_sistemas","puesto_trabajo","Capacitación en el puesto de trabajo","rrhh_capacitacion_sistemas_sel_puesto_trabajo","1","0"
"rrhh_capacitacion_sistemas","rrhh_capacitacion_sistemas","payload.rrhh_capacitacion_sistemas","cursos_nacionales","Cursos nacionales","rrhh_capacitacion_sistemas_sel_cursos_nacionales","1","0"
"rrhh_capacitacion_sistemas","rrhh_capacitacion_sistemas","payload.rrhh_capacitacion_sistemas","cursos_regionales_internacionales","Cursos regionales/internacionales","rrhh_capacitacion_sistemas_sel_cursos_reg_int","1","0"
"rrhh_capacitacion_sistemas","rrhh_capacitacion_sistemas","payload.rrhh_capacitacion_sistemas","posgrado","Formación de posgrado","rrhh_capacitacion_sistemas_sel_posgrado","1","0"
"rrhh_capacitacion_sistemas","rrhh_capacitacion_sistemas","payload.rrhh_capacitacion_sistemas","formadores","Programa de formación de formadores","rrhh_capacitacion_sistemas_sel_formadores","1","0"
"rrhh_capacitacion_sistemas","rrhh_capacitacion_sistemas","payload.rrhh_capacitacion_sistemas","sur_sur","Capacitación brindada por países vecinos (cooperación Sur-Sur)","rrhh_capacitacion_sistemas_sel_sur_sur","1","0"
"rrhh_capacitacion_sistemas","rrhh_capacitacion_sistemas","payload.rrhh_capacitacion_sistemas","otro","Otro","rrhh_capacitacion_sistemas_sel_otro","1","0"
"rrhh_capacitacion_sistemas","rrhh_capacitacion_sistemas","payload.rrhh_capacitacion_sistemas","desconozco","Desconozco","rrhh_capacitacion_sistemas_sel_desconozco","1","0"
"control_aedes_actividades","control_aedes_actividades","payload.control_aedes_actividades","Reducción de criaderos (ej. limpieza comunitaria)","Reducción de criaderos (ej. limpieza comunitaria)","control_aedes_actividades_sel_criaderos","1","0"
"control_aedes_actividades","control_aedes_actividades","payload.control_aedes_actividades","Larvicidas (ej. temephos, IGRs, Bti)","Larvicidas (ej. temephos, IGRs, Bti)","control_aedes_actividades_sel_larvicidas","1","0"
"control_aedes_actividades","control_aedes_actividades","payload.control_aedes_actividades","Rociado residual dirigido en interiores - <em>Aedes</em> (IRS-<em>Aedes</em>)","Rociado residual dirigido en interiores - Aedes (IRS-Aedes)","control_aedes_actividades_sel_irs_aedes","1","0"
"control_aedes_actividades","control_aedes_actividades","payload.control_aedes_actividades","Rociado residual en exteriores - <em>Aedes</em> (ORS-<em>Aedes</em>)","Rociado residual en exteriores - Aedes (ORS-Aedes)","control_aedes_actividades_sel_ors_aedes","1","0"
"control_aedes_actividades","control_aedes_actividades","payload.control_aedes_actividades","Nebulización en interiores (insecticida no residual)","Nebulización en interiores (insecticida no residual)","control_aedes_actividades_sel_nebulizacion_interiores","1","0"
"control_aedes_actividades","control_aedes_actividades","payload.control_aedes_actividades","Nebulización en exteriores (insecticida no residual)","Nebulización en exteriores (insecticida no residual)","control_aedes_actividades_sel_nebulizacion_exteriores","1","0"
"control_aedes_actividades","control_aedes_actividades","payload.control_aedes_actividades","<em>Wolbachia</em>","Wolbachia","control_aedes_actividades_sel_wolbachia","1","0"
"control_aedes_actividades","control_aedes_actividades","payload.control_aedes_actividades","Distribución de mosquiteros a pacientes febriles","Distribución de mosquiteros a pacientes febriles","control_aedes_actividades_sel_mosquiteros_febriles","1","0"
"control_aedes_actividades","control_aedes_actividades","payload.control_aedes_actividades","Distribución de repelentes a pacientes febriles","Distribución de repelentes a pacientes febriles","control_aedes_actividades_sel_repelentes_febriles","1","0"
"control_aedes_actividades","control_aedes_actividades","payload.control_aedes_actividades","desconozco","Desconozco","control_aedes_actividades_sel_desconozco","1","0"
"control_aedes_otras","control_aedes_otras","payload.control_aedes_otras","casas_prueba","Casas a prueba de mosquitos","control_aedes_otras_sel_casas_prueba","1","0"
"control_aedes_otras","control_aedes_otras","payload.control_aedes_otras","control_biologico","Control biológico larval (peces o copépodos)","control_aedes_otras_sel_control_biologico","1","0"
"control_aedes_otras","control_aedes_otras","payload.control_aedes_otras","redes_hamacas","Redes para hamacas","control_aedes_otras_sel_redes_hamacas","1","0"
"control_aedes_otras","control_aedes_otras","payload.control_aedes_otras","insecto_esteril","Técnica de insecto estéril","control_aedes_otras_sel_insecto_esteril","1","0"
"control_aedes_otras","control_aedes_otras","payload.control_aedes_otras","otro","Otro","control_aedes_otras_sel_otro","1","0"
"control_aedes_otras","control_aedes_otras","payload.control_aedes_otras","desconozco","Desconozco","control_aedes_otras_sel_desconozco","1","0"
"control_anopheles_actividades","control_anopheles_actividades","payload.control_anopheles_actividades","Mosquiteros tratados con insecticida (ITNs)","Mosquiteros tratados con insecticida (ITNs)","control_anopheles_actividades_sel_itns","1","0"
"control_anopheles_actividades","control_anopheles_actividades","payload.control_anopheles_actividades","Mosquiteros con insecticida de larga duración (LLINs)","Mosquiteros con insecticida de larga duración (LLINs)","control_anopheles_actividades_sel_llins","1","0"
"control_anopheles_actividades","control_anopheles_actividades","payload.control_anopheles_actividades","Rociado residual en interiores (IRS)","Rociado residual en interiores (IRS)","control_anopheles_actividades_sel_irs","1","0"
"control_anopheles_actividades","control_anopheles_actividades","payload.control_anopheles_actividades","Aplicación de larvicidas (ej. temephos, IGRs, Bti)","Aplicación de larvicidas (ej. temephos, IGRs, Bti)","control_anopheles_actividades_sel_larvicidas","1","0"
"control_anopheles_actividades","control_anopheles_actividades","payload.control_anopheles_actividades","Reducción de criaderos (modificación física, limpiezas comunitarias, etc.)","Reducción de criaderos (modificación física, limpiezas comunitarias, etc.)","control_anopheles_actividades_sel_criaderos","1","0"
"control_anopheles_actividades","control_anopheles_actividades","payload.control_anopheles_actividades","desconozco","Desconozco","control_anopheles_actividades_sel_desconozco","1","0"
"control_anopheles_otras","control_anopheles_otras","payload.control_anopheles_otras","rociado_exteriores","Rociado en exteriores","control_anopheles_otras_sel_rociado_exteriores","1","0"
"control_anopheles_otras","control_anopheles_otras","payload.control_anopheles_otras","casas_prueba","Casas a prueba de mosquitos","control_anopheles_otras_sel_casas_prueba","1","0"
"control_anopheles_otras","control_anopheles_otras","payload.control_anopheles_otras","rociado_barrera","Rociado de barrera","control_anopheles_otras_sel_rociado_barrera","1","0"
"control_anopheles_otras","control_anopheles_otras","payload.control_anopheles_otras","control_biologico","Control biológico larval (peces o copépodos)","control_anopheles_otras_sel_control_biologico","1","0"
"control_anopheles_otras","control_anopheles_otras","payload.control_anopheles_otras","redes_hamacas","Redes para hamacas","control_anopheles_otras_sel_redes_hamacas","1","0"
"control_anopheles_otras","control_anopheles_otras","payload.control_anopheles_otras","otro","Otro","control_anopheles_otras_sel_otro","1","0"
"control_anopheles_otras","control_anopheles_otras","payload.control_anopheles_otras","desconozco","Desconozco","control_anopheles_otras_sel_desconozco","1","0"
"f5b_1_control_irs_metodos","control_irs_metodos","payload.control_irs_metodos","mortalidad_adultos","Tasa de mortalidad de mosquitos adultos","f5b_1_control_irs_metodos_sel_mortalidad_adultos","1","0"
"f5b_1_control_irs_metodos","control_irs_metodos","payload.control_irs_metodos","densidad","Densidad de mosquitos","f5b_1_control_irs_metodos_sel_densidad","1","0"
"f5b_1_control_irs_metodos","control_irs_metodos","payload.control_irs_metodos","indice_inmaduros","Índice de mosquitos inmaduros","f5b_1_control_irs_metodos_sel_indice_inmaduros","1","0"
"f5b_1_control_irs_metodos","control_irs_metodos","payload.control_irs_metodos","contacto_superficie","Pruebas de contacto en superficie","f5b_1_control_irs_metodos_sel_contacto_superficie","1","0"
"f5b_1_control_irs_metodos","control_irs_metodos","payload.control_irs_metodos","pared_rociada","Análisis de la alteración de la pared rociada","f5b_1_control_irs_metodos_sel_pared_rociada","1","0"
"f5b_1_control_irs_metodos","control_irs_metodos","payload.control_irs_metodos","otro","Otro","f5b_1_control_irs_metodos_sel_otro","1","0"
"f5b_1_control_irs_metodos","control_irs_metodos","payload.control_irs_metodos","desconozco","Desconozco","f5b_1_control_irs_metodos_sel_desconozco","1","0"
"f5b_2_control_larvicidas_metodos","control_larvicidas_metodos","payload.control_larvicidas_metodos","habitats_tratados","Evaluación de hábitats tratados con insecticida","f5b_2_control_larvicidas_metodos_sel_habitats_tratados","1","0"
"f5b_2_control_larvicidas_metodos","control_larvicidas_metodos","payload.control_larvicidas_metodos","inspecciones","Inspecciones aleatorias de hábitats larvarios tratados","f5b_2_control_larvicidas_metodos_sel_inspecciones","1","0"
"f5b_2_control_larvicidas_metodos","control_larvicidas_metodos","payload.control_larvicidas_metodos","densidad_adultos","Densidad de mosquitos adultos","f5b_2_control_larvicidas_metodos_sel_densidad_adultos","1","0"
"f5b_2_control_larvicidas_metodos","control_larvicidas_metodos","payload.control_larvicidas_metodos","otro","Otro","f5b_2_control_larvicidas_metodos_sel_otro","1","0"
"f5b_2_control_larvicidas_metodos","control_larvicidas_metodos","payload.control_larvicidas_metodos","desconozco","Desconozco","f5b_2_control_larvicidas_metodos_sel_desconozco","1","0"
"f5b_3_control_irs_aedes_metodos","control_irs_aedes_metodos","payload.control_irs_aedes_metodos","bioensayos_pared","Bioensayos de pared","f5b_3_control_irs_aedes_metodos_sel_bioensayos_pared","1","0"
"f5b_3_control_irs_aedes_metodos","control_irs_aedes_metodos","payload.control_irs_aedes_metodos","otro","Otro","f5b_3_control_irs_aedes_metodos_sel_otro","1","0"
"f5b_3_control_irs_aedes_metodos","control_irs_aedes_metodos","payload.control_irs_aedes_metodos","desconozco","Desconozco","f5b_3_control_irs_aedes_metodos_sel_desconozco","1","0"
"f5b_4_control_nebulizacion_metodos","control_nebulizacion_metodos","payload.control_nebulizacion_metodos","protocolos","Evaluación de protocolos de nebulización","f5b_4_control_nebulizacion_metodos_sel_protocolos","1","0"
"f5b_4_control_nebulizacion_metodos","control_nebulizacion_metodos","payload.control_nebulizacion_metodos","residuos","Evaluación de residuos","f5b_4_control_nebulizacion_metodos_sel_residuos","1","0"
"f5b_4_control_nebulizacion_metodos","control_nebulizacion_metodos","payload.control_nebulizacion_metodos","adultos","Número de mosquitos adultos","f5b_4_control_nebulizacion_metodos_sel_adultos","1","0"
"f5b_4_control_nebulizacion_metodos","control_nebulizacion_metodos","payload.control_nebulizacion_metodos","otro","Otro","f5b_4_control_nebulizacion_metodos_sel_otro","1","0"
"f5b_4_control_nebulizacion_metodos","control_nebulizacion_metodos","payload.control_nebulizacion_metodos","desconozco","Desconozco","f5b_4_control_nebulizacion_metodos_sel_desconozco","1","0"
"vigilancia_aedes_trampas","vigilancia_aedes_trampas","payload.vigilancia_aedes_trampas","Recolección con cebo humano (HLC o red de barrido)","Recolección con cebo humano (HLC o red de barrido)","vigilancia_aedes_trampas_sel_hlc_red","1","0"
"vigilancia_aedes_trampas","vigilancia_aedes_trampas","payload.vigilancia_aedes_trampas","Trampa de luz CDC","Trampa de luz CDC","vigilancia_aedes_trampas_sel_luz_cdc","1","0"
"vigilancia_aedes_trampas","vigilancia_aedes_trampas","payload.vigilancia_aedes_trampas","Trampa BG Sentinel","Trampa BG Sentinel","vigilancia_aedes_trampas_sel_bg_sentinel","1","0"
"vigilancia_aedes_trampas","vigilancia_aedes_trampas","payload.vigilancia_aedes_trampas","BG Pro","BG Pro","vigilancia_aedes_trampas_sel_bg_pro","1","0"
"vigilancia_aedes_trampas","vigilancia_aedes_trampas","payload.vigilancia_aedes_trampas","Otras trampas con ventilador","Otras trampas con ventilador","vigilancia_aedes_trampas_sel_ventilador","1","0"
"vigilancia_aedes_trampas","vigilancia_aedes_trampas","payload.vigilancia_aedes_trampas","Trampas grávidas","Trampas grávidas","vigilancia_aedes_trampas_sel_gravidas","1","0"
"vigilancia_aedes_trampas","vigilancia_aedes_trampas","payload.vigilancia_aedes_trampas","Aspiración en interiores (aspiración manual, Prokopac)","Aspiración en interiores (aspiración manual, Prokopac)","vigilancia_aedes_trampas_sel_aspiracion_interiores","1","0"
"vigilancia_aedes_trampas","vigilancia_aedes_trampas","payload.vigilancia_aedes_trampas","Aspiración en exteriores por aspiración","Aspiración en exteriores por aspiración","vigilancia_aedes_trampas_sel_aspiracion_exteriores","1","0"
"vigilancia_aedes_trampas","vigilancia_aedes_trampas","payload.vigilancia_aedes_trampas","Otro método de descanso exterior (trampa de pozo, barrera de tela)","Otro método de descanso exterior (trampa de pozo, barrera de tela)","vigilancia_aedes_trampas_sel_descanso_exterior","1","0"
"vigilancia_aedes_trampas","vigilancia_aedes_trampas","payload.vigilancia_aedes_trampas","Trampa con cebo humano","Trampa con cebo humano","vigilancia_aedes_trampas_sel_cebo_humano","1","0"
"vigilancia_aedes_trampas","vigilancia_aedes_trampas","payload.vigilancia_aedes_trampas","Trampa con cebo animal","Trampa con cebo animal","vigilancia_aedes_trampas_sel_cebo_animal","1","0"
"vigilancia_aedes_trampas","vigilancia_aedes_trampas","payload.vigilancia_aedes_trampas","Otro","Otro","vigilancia_aedes_trampas_sel_otro","1","0"
"vigilancia_aedes_trampas","vigilancia_aedes_trampas","payload.vigilancia_aedes_trampas","Desconozco","Desconozco","vigilancia_aedes_trampas_sel_desconozco","1","0"
"vigilancia_anopheles_trampas","vigilancia_anopheles_trampas","payload.vigilancia_anopheles_trampas","Captura por aterrizaje humano","Captura por aterrizaje humano","vigilancia_anopheles_trampas_sel_aterrizaje_humano","1","0"
"vigilancia_anopheles_trampas","vigilancia_anopheles_trampas","payload.vigilancia_anopheles_trampas","Trampa con cebo humano","Trampa con cebo humano","vigilancia_anopheles_trampas_sel_cebo_humano","1","0"
"vigilancia_anopheles_trampas","vigilancia_anopheles_trampas","payload.vigilancia_anopheles_trampas","Trampa con cebo animal","Trampa con cebo animal","vigilancia_anopheles_trampas_sel_cebo_animal","1","0"
"vigilancia_anopheles_trampas","vigilancia_anopheles_trampas","payload.vigilancia_anopheles_trampas","Trampa de ventilador CDC","Trampa de ventilador CDC","vigilancia_anopheles_trampas_sel_ventilador_cdc","1","0"
"vigilancia_anopheles_trampas","vigilancia_anopheles_trampas","payload.vigilancia_anopheles_trampas","Trampa BG Sentinel","Trampa BG Sentinel","vigilancia_anopheles_trampas_sel_bg_sentinel","1","0"
"vigilancia_anopheles_trampas","vigilancia_anopheles_trampas","payload.vigilancia_anopheles_trampas","Trampas grávidas","Trampas grávidas","vigilancia_anopheles_trampas_sel_gravidas","1","0"
"vigilancia_anopheles_trampas","vigilancia_anopheles_trampas","payload.vigilancia_anopheles_trampas","Aspiración en interiores (aspiración manual, Prokopac)","Aspiración en interiores (aspiración manual, Prokopac)","vigilancia_anopheles_trampas_sel_aspiracion_interiores","1","0"
"vigilancia_anopheles_trampas","vigilancia_anopheles_trampas","payload.vigilancia_anopheles_trampas","Aspiración en exteriores por aspiración","Aspiración en exteriores por aspiración","vigilancia_anopheles_trampas_sel_aspiracion_exteriores","1","0"
"vigilancia_anopheles_trampas","vigilancia_anopheles_trampas","payload.vigilancia_anopheles_trampas","Otro método de descanso exterior (trampa de pozo, barrera de tela)","Otro método de descanso exterior (trampa de pozo, barrera de tela)","vigilancia_anopheles_trampas_sel_descanso_exterior","1","0"
"vigilancia_anopheles_trampas","vigilancia_anopheles_trampas","payload.vigilancia_anopheles_trampas","Trampa de salida por ventana","Trampa de salida por ventana","vigilancia_anopheles_trampas_sel_salida_ventana","1","0"
"vigilancia_anopheles_trampas","vigilancia_anopheles_trampas","payload.vigilancia_anopheles_trampas","Trampas de caja pasiva","Trampas de caja pasiva","vigilancia_anopheles_trampas_sel_caja_pasiva","1","0"
"vigilancia_anopheles_trampas","vigilancia_anopheles_trampas","payload.vigilancia_anopheles_trampas","Otro","Otro","vigilancia_anopheles_trampas_sel_otro","1","0"
"vigilancia_anopheles_trampas","vigilancia_anopheles_trampas","payload.vigilancia_anopheles_trampas","Desconozco","Desconozco","vigilancia_anopheles_trampas_sel_desconozco","1","0"
"vigilancia_decisiones","vigilancia_decisiones","payload.vigilancia_decisiones","Cómo estratificar el control vectorial","Cómo estratificar el control vectorial","vigilancia_decisiones_sel_estratificar","1","0"
"vigilancia_decisiones","vigilancia_decisiones","payload.vigilancia_decisiones","Dónde implementar diferentes estrategias de control","Dónde implementar diferentes estrategias de control","vigilancia_decisiones_sel_estrategias","1","0"
"vigilancia_decisiones","vigilancia_decisiones","payload.vigilancia_decisiones","Selección de larvicidas","Selección de larvicidas","vigilancia_decisiones_sel_larvicidas","1","0"
"vigilancia_decisiones","vigilancia_decisiones","payload.vigilancia_decisiones","Selección de insecticidas para IRS-<em>Aedes</em>","Selección de insecticidas para IRS-Aedes","vigilancia_decisiones_sel_insecticidas_irs_aedes","1","0"
"vigilancia_decisiones","vigilancia_decisiones","payload.vigilancia_decisiones","Dónde aplicar insecticidas en hogares y alrededores","Dónde aplicar insecticidas en hogares y alrededores","vigilancia_decisiones_sel_hogares","1","0"
"vigilancia_decisiones","vigilancia_decisiones","payload.vigilancia_decisiones","Recipientes larvarios clave para reducción de criaderos","Recipientes larvarios clave para reducción de criaderos","vigilancia_decisiones_sel_recipientes","1","0"
"vigilancia_decisiones","vigilancia_decisiones","payload.vigilancia_decisiones","Dónde implementar control larval (<em>Anopheles</em>)","Dónde implementar control larval (Anopheles)","vigilancia_decisiones_sel_control_larval_anopheles","1","0"
"vigilancia_decisiones","vigilancia_decisiones","payload.vigilancia_decisiones","Elección de LLIN/ITN a comprar","Elección de LLIN/ITN a comprar","vigilancia_decisiones_sel_llin_itn","1","0"
"vigilancia_decisiones","vigilancia_decisiones","payload.vigilancia_decisiones","Hábitats larvarios clave para manejo de criaderos (<em>Anopheles</em>)","Hábitats larvarios clave para manejo de criaderos (Anopheles)","vigilancia_decisiones_sel_habitats_anopheles","1","0"
"vigilancia_decisiones","vigilancia_decisiones","payload.vigilancia_decisiones","Dónde establecer sitios de vigilancia vectorial","Dónde establecer sitios de vigilancia vectorial","vigilancia_decisiones_sel_sitios_vigilancia","1","0"
"vigilancia_decisiones","vigilancia_decisiones","payload.vigilancia_decisiones","Cómo optimizar mensajes de participación comunitaria","Cómo optimizar mensajes de participación comunitaria","vigilancia_decisiones_sel_mensajes","1","0"
"vigilancia_decisiones","vigilancia_decisiones","payload.vigilancia_decisiones","Otro","Otro","vigilancia_decisiones_sel_otro","1","0"
"vigilancia_decisiones","vigilancia_decisiones","payload.vigilancia_decisiones","Desconozco","Desconozco","vigilancia_decisiones_sel_desconozco","1","0"
"infra_laboratorio_capacidades","infra_laboratorio_capacidades","payload.infra_laboratorio_capacidades","pcr","PCR","infra_laboratorio_capacidades_sel_pcr","1","0"
"infra_laboratorio_capacidades","infra_laboratorio_capacidades","payload.infra_laboratorio_capacidades","elisa","ELISA","infra_laboratorio_capacidades_sel_elisa","1","0"
"infra_laboratorio_capacidades","infra_laboratorio_capacidades","payload.infra_laboratorio_capacidades","ento_campo","Laboratorio entomológico de campo","infra_laboratorio_capacidades_sel_ento_campo","1","0"
"infra_laboratorio_capacidades","infra_laboratorio_capacidades","payload.infra_laboratorio_capacidades","semi_campo","Semi-campo","infra_laboratorio_capacidades_sel_semi_campo","1","0"
"infra_laboratorio_capacidades","infra_laboratorio_capacidades","payload.infra_laboratorio_capacidades","otro","Otro","infra_laboratorio_capacidades_sel_otro","1","0"
"infra_laboratorio_capacidades","infra_laboratorio_capacidades","payload.infra_laboratorio_capacidades","desconozco","Desconozco","infra_laboratorio_capacidades_sel_desconozco","1","0"
"info_vigilancia_herramientas","info_vigilancia_herramientas","payload.info_vigilancia_herramientas","recoleccion","Recolección de datos","info_vigilancia_herramientas_sel_recoleccion","1","0"
"info_vigilancia_herramientas","info_vigilancia_herramientas","payload.info_vigilancia_herramientas","almacenamiento","Almacenamiento de datos","info_vigilancia_herramientas_sel_almacenamiento","1","0"
"info_vigilancia_herramientas","info_vigilancia_herramientas","payload.info_vigilancia_herramientas","presentacion","Presentación de datos","info_vigilancia_herramientas_sel_presentacion","1","0"
"info_vigilancia_herramientas","info_vigilancia_herramientas","payload.info_vigilancia_herramientas","desconozco","Desconozco","info_vigilancia_herramientas_sel_desconozco","1","0"
"info_control_herramientas","info_control_herramientas","payload.info_control_herramientas","recoleccion","Recolección de datos","info_control_herramientas_sel_recoleccion","1","0"
"info_control_herramientas","info_control_herramientas","payload.info_control_herramientas","almacenamiento","Almacenamiento de datos","info_control_herramientas_sel_almacenamiento","1","0"
"info_control_herramientas","info_control_herramientas","payload.info_control_herramientas","presentacion","Presentación de datos","info_control_herramientas_sel_presentacion","1","0"
"info_control_herramientas","info_control_herramientas","payload.info_control_herramientas","desconozco","Desconozco","info_control_herramientas_sel_desconozco","1","0"
"info_vigilancia_recoleccion","info_vigilancia_recoleccion","payload.info_vigilancia_recoleccion","papel","Formularios en papel","info_vigilancia_recoleccion_sel_papel","1","0"
"info_vigilancia_recoleccion","info_vigilancia_recoleccion","payload.info_vigilancia_recoleccion","smartphone_tablet","Smartphone o tablet","info_vigilancia_recoleccion_sel_smartphone_tablet","1","0"
"info_vigilancia_recoleccion","info_vigilancia_recoleccion","payload.info_vigilancia_recoleccion","fotografias","Fotografías","info_vigilancia_recoleccion_sel_fotografias","1","0"
"info_vigilancia_recoleccion","info_vigilancia_recoleccion","payload.info_vigilancia_recoleccion","codigos_barras","Escáneres de código de barras","info_vigilancia_recoleccion_sel_codigos_barras","1","0"
"info_vigilancia_recoleccion","info_vigilancia_recoleccion","payload.info_vigilancia_recoleccion","gps","GPS","info_vigilancia_recoleccion_sel_gps","1","0"
"info_vigilancia_recoleccion","info_vigilancia_recoleccion","payload.info_vigilancia_recoleccion","planificacion_electronica","Planificación para captura electrónica","info_vigilancia_recoleccion_sel_planificacion_electronica","1","0"
"info_vigilancia_recoleccion","info_vigilancia_recoleccion","payload.info_vigilancia_recoleccion","otro","Otro","info_vigilancia_recoleccion_sel_otro","1","0"
"info_vigilancia_recoleccion","info_vigilancia_recoleccion","payload.info_vigilancia_recoleccion","desconozco","Desconozco","info_vigilancia_recoleccion_sel_desconozco","1","0"
"info_vigilancia_almacenamiento","info_vigilancia_almacenamiento","payload.info_vigilancia_almacenamiento","papel","Papel","info_vigilancia_almacenamiento_sel_papel","1","0"
"info_vigilancia_almacenamiento","info_vigilancia_almacenamiento","payload.info_vigilancia_almacenamiento","excel","Excel","info_vigilancia_almacenamiento_sel_excel","1","0"
"info_vigilancia_almacenamiento","info_vigilancia_almacenamiento","payload.info_vigilancia_almacenamiento","dhis2","DHIS2","info_vigilancia_almacenamiento_sel_dhis2","1","0"
"info_vigilancia_almacenamiento","info_vigilancia_almacenamiento","payload.info_vigilancia_almacenamiento","otra_bd_linea","Otra base de datos en línea","info_vigilancia_almacenamiento_sel_otra_bd_linea","1","0"
"info_vigilancia_almacenamiento","info_vigilancia_almacenamiento","payload.info_vigilancia_almacenamiento","access","Access","info_vigilancia_almacenamiento_sel_access","1","0"
"info_vigilancia_almacenamiento","info_vigilancia_almacenamiento","payload.info_vigilancia_almacenamiento","desarrollando_linea","Desarrollando almacenamiento en línea","info_vigilancia_almacenamiento_sel_desarrollando_linea","1","0"
"info_vigilancia_almacenamiento","info_vigilancia_almacenamiento","payload.info_vigilancia_almacenamiento","otro","Otro","info_vigilancia_almacenamiento_sel_otro","1","0"
"info_vigilancia_almacenamiento","info_vigilancia_almacenamiento","payload.info_vigilancia_almacenamiento","desconozco","Desconozco","info_vigilancia_almacenamiento_sel_desconozco","1","0"
"info_vigilancia_reporte","info_vigilancia_reporte","payload.info_vigilancia_reporte","excel_manual","Manualmente en Excel","info_vigilancia_reporte_sel_excel_manual","1","0"
"info_vigilancia_reporte","info_vigilancia_reporte","payload.info_vigilancia_reporte","paneles_linea","Paneles en línea","info_vigilancia_reporte_sel_paneles_linea","1","0"
"info_vigilancia_reporte","info_vigilancia_reporte","payload.info_vigilancia_reporte","mapas_electronicos","Mapas electrónicos","info_vigilancia_reporte_sel_mapas_electronicos","1","0"
"info_vigilancia_reporte","info_vigilancia_reporte","payload.info_vigilancia_reporte","informes_automaticos","Informes generados automáticamente","info_vigilancia_reporte_sel_informes_automaticos","1","0"
"info_vigilancia_reporte","info_vigilancia_reporte","payload.info_vigilancia_reporte","otro","Otro","info_vigilancia_reporte_sel_otro","1","0"
"info_vigilancia_reporte","info_vigilancia_reporte","payload.info_vigilancia_reporte","desconozco","Desconozco","info_vigilancia_reporte_sel_desconozco","1","0"
"info_control_recoleccion","info_control_recoleccion","payload.info_control_recoleccion","papel","Formularios en papel","info_control_recoleccion_sel_papel","1","0"
"info_control_recoleccion","info_control_recoleccion","payload.info_control_recoleccion","smartphone_tablet","Smartphone o tablet","info_control_recoleccion_sel_smartphone_tablet","1","0"
"info_control_recoleccion","info_control_recoleccion","payload.info_control_recoleccion","fotografias","Fotografías","info_control_recoleccion_sel_fotografias","1","0"
"info_control_recoleccion","info_control_recoleccion","payload.info_control_recoleccion","codigos_barras","Escáneres de código de barras","info_control_recoleccion_sel_codigos_barras","1","0"
"info_control_recoleccion","info_control_recoleccion","payload.info_control_recoleccion","gps","GPS","info_control_recoleccion_sel_gps","1","0"
"info_control_recoleccion","info_control_recoleccion","payload.info_control_recoleccion","planificacion_electronica","Planificación para captura electrónica","info_control_recoleccion_sel_planificacion_electronica","1","0"
"info_control_recoleccion","info_control_recoleccion","payload.info_control_recoleccion","otro","Otro","info_control_recoleccion_sel_otro","1","0"
"info_control_recoleccion","info_control_recoleccion","payload.info_control_recoleccion","desconozco","Desconozco","info_control_recoleccion_sel_desconozco","1","0"
"info_control_almacenamiento","info_control_almacenamiento","payload.info_control_almacenamiento","papel","Papel","info_control_almacenamiento_sel_papel","1","0"
"info_control_almacenamiento","info_control_almacenamiento","payload.info_control_almacenamiento","excel","Excel","info_control_almacenamiento_sel_excel","1","0"
"info_control_almacenamiento","info_control_almacenamiento","payload.info_control_almacenamiento","dhis2","DHIS2","info_control_almacenamiento_sel_dhis2","1","0"
"info_control_almacenamiento","info_control_almacenamiento","payload.info_control_almacenamiento","otra_bd_linea","Otra base de datos en línea","info_control_almacenamiento_sel_otra_bd_linea","1","0"
"info_control_almacenamiento","info_control_almacenamiento","payload.info_control_almacenamiento","access","Access","info_control_almacenamiento_sel_access","1","0"
"info_control_almacenamiento","info_control_almacenamiento","payload.info_control_almacenamiento","desarrollando_linea","Desarrollando almacenamiento en línea","info_control_almacenamiento_sel_desarrollando_linea","1","0"
"info_control_almacenamiento","info_control_almacenamiento","payload.info_control_almacenamiento","otro","Otro","info_control_almacenamiento_sel_otro","1","0"
"info_control_almacenamiento","info_control_almacenamiento","payload.info_control_almacenamiento","desconozco","Desconozco","info_control_almacenamiento_sel_desconozco","1","0"
"info_control_reporte","info_control_reporte","payload.info_control_reporte","excel_manual","Manualmente en Excel","info_control_reporte_sel_excel_manual","1","0"
"info_control_reporte","info_control_reporte","payload.info_control_reporte","paneles_linea","Paneles en línea","info_control_reporte_sel_paneles_linea","1","0"
"info_control_reporte","info_control_reporte","payload.info_control_reporte","mapas_electronicos","Mapas electrónicos","info_control_reporte_sel_mapas_electronicos","1","0"
"info_control_reporte","info_control_reporte","payload.info_control_reporte","informes_automaticos","Informes generados automáticamente","info_control_reporte_sel_informes_automaticos","1","0"
"info_control_reporte","info_control_reporte","payload.info_control_reporte","otro","Otro","info_control_reporte_sel_otro","1","0"
"info_control_reporte","info_control_reporte","payload.info_control_reporte","desconozco","Desconozco","info_control_reporte_sel_desconozco","1","0"
"comunidad_actividades","comunidad_actividades","payload.comunidad_actividades","vigilancia_vectorial","Vigilancia vectorial","comunidad_actividades_sel_vigilancia_vectorial","1","0"
"comunidad_actividades","comunidad_actividades","payload.comunidad_actividades","control_vectorial","Control vectorial","comunidad_actividades_sel_control_vectorial","1","0"
"comunidad_actividades","comunidad_actividades","payload.comunidad_actividades","comunicacion_riesgos_educacion","Comunicación de riesgos / educación","comunidad_actividades_sel_comunicacion_riesgos_educacion","1","0"
"comunidad_actividades","comunidad_actividades","payload.comunidad_actividades","reporte_enfermedades_brotes","Reporte de enfermedades o brotes","comunidad_actividades_sel_reporte_enfermedades_brotes","1","0"
"comunidad_actividades","comunidad_actividades","payload.comunidad_actividades","investigacion","Investigación","comunidad_actividades_sel_investigacion","1","0"
"comunidad_actividades","comunidad_actividades","payload.comunidad_actividades","otro","Otro","comunidad_actividades_sel_otro","1","0"
"comunidad_actividades","comunidad_actividades","payload.comunidad_actividades","desconozco","Desconozco","comunidad_actividades_sel_desconozco","1","0"
"comunidad_momento","comunidad_momento","payload.comunidad_momento","despues_brote","Después de la declaración de un brote","comunidad_momento_sel_despues_brote","1","0"
"comunidad_momento","comunidad_momento","payload.comunidad_momento","regularmente_anio","Regularmente durante el año","comunidad_momento_sel_regularmente_anio","1","0"
"comunidad_momento","comunidad_momento","payload.comunidad_momento","antes_lluvias","Antes de la temporada de lluvias","comunidad_momento_sel_antes_lluvias","1","0"
"comunidad_momento","comunidad_momento","payload.comunidad_momento","otro","Otro","comunidad_momento_sel_otro","1","0"
"comunidad_momento","comunidad_momento","payload.comunidad_momento","desconozco","Desconozco","comunidad_momento_sel_desconozco","1","0"
"k3b_1_1_ref_tipo_informes","sat26_investigacion_ref_tipo_informes","payload.investigacion_ref_tipos.sat26_investigacion_ref_tipo_informes","nombre","Nombre","k3b_1_1_ref_tipo_informes_sel_nombre","1","0"
"k3b_1_1_ref_tipo_informes","sat26_investigacion_ref_tipo_informes","payload.investigacion_ref_tipos.sat26_investigacion_ref_tipo_informes","hipervinculo","Hipervínculo","k3b_1_1_ref_tipo_informes_sel_hipervinculo","1","0"
"k3b_1_1_ref_tipo_informes","sat26_investigacion_ref_tipo_informes","payload.investigacion_ref_tipos.sat26_investigacion_ref_tipo_informes","documento","Documento","k3b_1_1_ref_tipo_informes_sel_documento","1","0"
"k3b_1_1_ref_tipo_informes","sat26_investigacion_ref_tipo_informes","payload.investigacion_ref_tipos.sat26_investigacion_ref_tipo_informes","desconozco","Desconozco","k3b_1_1_ref_tipo_informes_sel_desconozco","1","0"
"k3b_2_1_ref_tipo_articulos","sat26_investigacion_ref_tipo_articulos","payload.investigacion_ref_tipos.sat26_investigacion_ref_tipo_articulos","nombre","Nombre","k3b_2_1_ref_tipo_articulos_sel_nombre","1","0"
"k3b_2_1_ref_tipo_articulos","sat26_investigacion_ref_tipo_articulos","payload.investigacion_ref_tipos.sat26_investigacion_ref_tipo_articulos","hipervinculo","Hipervínculo","k3b_2_1_ref_tipo_articulos_sel_hipervinculo","1","0"
"k3b_2_1_ref_tipo_articulos","sat26_investigacion_ref_tipo_articulos","payload.investigacion_ref_tipos.sat26_investigacion_ref_tipo_articulos","documento","Documento","k3b_2_1_ref_tipo_articulos_sel_documento","1","0"
"k3b_2_1_ref_tipo_articulos","sat26_investigacion_ref_tipo_articulos","payload.investigacion_ref_tipos.sat26_investigacion_ref_tipo_articulos","desconozco","Desconozco","k3b_2_1_ref_tipo_articulos_sel_desconozco","1","0"
"k3b_3_1_ref_tipo_congresos","sat26_investigacion_ref_tipo_congresos","payload.investigacion_ref_tipos.sat26_investigacion_ref_tipo_congresos","nombre","Nombre","k3b_3_1_ref_tipo_congresos_sel_nombre","1","0"
"k3b_3_1_ref_tipo_congresos","sat26_investigacion_ref_tipo_congresos","payload.investigacion_ref_tipos.sat26_investigacion_ref_tipo_congresos","hipervinculo","Hipervínculo","k3b_3_1_ref_tipo_congresos_sel_hipervinculo","1","0"
"k3b_3_1_ref_tipo_congresos","sat26_investigacion_ref_tipo_congresos","payload.investigacion_ref_tipos.sat26_investigacion_ref_tipo_congresos","documento","Documento","k3b_3_1_ref_tipo_congresos_sel_documento","1","0"
"k3b_3_1_ref_tipo_congresos","sat26_investigacion_ref_tipo_congresos","payload.investigacion_ref_tipos.sat26_investigacion_ref_tipo_congresos","desconozco","Desconozco","k3b_3_1_ref_tipo_congresos_sel_desconozco","1","0"
"k3b_4_1_ref_tipo_multilaterales","sat26_investigacion_ref_tipo_multilaterales","payload.investigacion_ref_tipos.sat26_investigacion_ref_tipo_multilaterales","nombre","Nombre","k3b_4_1_ref_tipo_multilaterales_sel_nombre","1","0"
"k3b_4_1_ref_tipo_multilaterales","sat26_investigacion_ref_tipo_multilaterales","payload.investigacion_ref_tipos.sat26_investigacion_ref_tipo_multilaterales","hipervinculo","Hipervínculo","k3b_4_1_ref_tipo_multilaterales_sel_hipervinculo","1","0"
"k3b_4_1_ref_tipo_multilaterales","sat26_investigacion_ref_tipo_multilaterales","payload.investigacion_ref_tipos.sat26_investigacion_ref_tipo_multilaterales","documento","Documento","k3b_4_1_ref_tipo_multilaterales_sel_documento","1","0"
"k3b_4_1_ref_tipo_multilaterales","sat26_investigacion_ref_tipo_multilaterales","payload.investigacion_ref_tipos.sat26_investigacion_ref_tipo_multilaterales","desconozco","Desconozco","k3b_4_1_ref_tipo_multilaterales_sel_desconozco","1","0"
"k3b_5_1_ref_tipo_tesis","sat26_investigacion_ref_tipo_tesis","payload.investigacion_ref_tipos.sat26_investigacion_ref_tipo_tesis","nombre","Nombre","k3b_5_1_ref_tipo_tesis_sel_nombre","1","0"
"k3b_5_1_ref_tipo_tesis","sat26_investigacion_ref_tipo_tesis","payload.investigacion_ref_tipos.sat26_investigacion_ref_tipo_tesis","hipervinculo","Hipervínculo","k3b_5_1_ref_tipo_tesis_sel_hipervinculo","1","0"
"k3b_5_1_ref_tipo_tesis","sat26_investigacion_ref_tipo_tesis","payload.investigacion_ref_tipos.sat26_investigacion_ref_tipo_tesis","documento","Documento","k3b_5_1_ref_tipo_tesis_sel_documento","1","0"
"k3b_5_1_ref_tipo_tesis","sat26_investigacion_ref_tipo_tesis","payload.investigacion_ref_tipos.sat26_investigacion_ref_tipo_tesis","desconozco","Desconozco","k3b_5_1_ref_tipo_tesis_sel_desconozco","1","0"
"k3b_6_1_ref_tipo_financiamiento","sat26_investigacion_ref_tipo_financiamiento","payload.investigacion_ref_tipos.sat26_investigacion_ref_tipo_financiamiento","nombre","Nombre","k3b_6_1_ref_tipo_financiamiento_sel_nombre","1","0"
"k3b_6_1_ref_tipo_financiamiento","sat26_investigacion_ref_tipo_financiamiento","payload.investigacion_ref_tipos.sat26_investigacion_ref_tipo_financiamiento","hipervinculo","Hipervínculo","k3b_6_1_ref_tipo_financiamiento_sel_hipervinculo","1","0"
"k3b_6_1_ref_tipo_financiamiento","sat26_investigacion_ref_tipo_financiamiento","payload.investigacion_ref_tipos.sat26_investigacion_ref_tipo_financiamiento","documento","Documento","k3b_6_1_ref_tipo_financiamiento_sel_documento","1","0"
"k3b_6_1_ref_tipo_financiamiento","sat26_investigacion_ref_tipo_financiamiento","payload.investigacion_ref_tipos.sat26_investigacion_ref_tipo_financiamiento","desconozco","Desconozco","k3b_6_1_ref_tipo_financiamiento_sel_desconozco","1","0"
"k3b_7_1_ref_tipo_prensa","sat26_investigacion_ref_tipo_prensa","payload.investigacion_ref_tipos.sat26_investigacion_ref_tipo_prensa","nombre","Nombre","k3b_7_1_ref_tipo_prensa_sel_nombre","1","0"
"k3b_7_1_ref_tipo_prensa","sat26_investigacion_ref_tipo_prensa","payload.investigacion_ref_tipos.sat26_investigacion_ref_tipo_prensa","hipervinculo","Hipervínculo","k3b_7_1_ref_tipo_prensa_sel_hipervinculo","1","0"
"k3b_7_1_ref_tipo_prensa","sat26_investigacion_ref_tipo_prensa","payload.investigacion_ref_tipos.sat26_investigacion_ref_tipo_prensa","documento","Documento","k3b_7_1_ref_tipo_prensa_sel_documento","1","0"
"k3b_7_1_ref_tipo_prensa","sat26_investigacion_ref_tipo_prensa","payload.investigacion_ref_tipos.sat26_investigacion_ref_tipo_prensa","desconozco","Desconozco","k3b_7_1_ref_tipo_prensa_sel_desconozco","1","0"
